component_id,source,original,original_unit,meters,method,uncertainty_m,source_recorded_uncertainty_m,survey_absolute_accuracy_m,nominal_target_review,model_m,difference_m,evidence,numeric_result,standard_result,tolerance_m,source_precision_exceeds_tolerance,building,feature_category,scene_sha256,mesh_selector_evidence,notes,strict_independent_nominal_anchor,measured_min_m,measured_max_m,max_sampled_abs_error_m,origin_report
MAIN_CHAIN_TOTAL,HABS PA-5346 sheet 04,120 ft 4.25 in,feet/inches,36.68395,,0.1,0.1,,,,,"A; C source-to-mesh correspondence, unless noted",NOT_RUN,NOT_RUN,0.18341975000000002,False,MAIN,plan_span,50e0a8fc0bab10fdec0e0b9d26c4ef4a4c71fa56aea6401e75197787c8c0e75a,[],The chain reaches the far bridge/retaining edge outside the main-house module; its westmost extension is an outside paving/rock station with no named matching main mesh. Full-scene presence alone does not establish source endpoint identity.,False,,,,dimensions12-integration12a-central44.json
MAIN_CHAIN_01,HABS PA-5346 sheet 04,9 ft 7.25 in,feet/inches,2.92735,,0.1,0.1,,,,,"A; C source-to-mesh correspondence, unless noted",NOT_RUN,NOT_RUN,0.02,True,MAIN,plan_span,50e0a8fc0bab10fdec0e0b9d26c4ef4a4c71fa56aea6401e75197787c8c0e75a,[],The west pair of dimension extension lines refer to exterior paving/retaining stations; these are not explicit named main-house mesh boundaries. Full-scene presence alone does not establish source endpoint identity.,False,,,,dimensions12-integration12a-central44.json
MAIN_CHAIN_02,HABS PA-5346 sheet 04,7 ft 8.5 in,feet/inches,2.3495,,0.07,0.07,,,,,"A; C source-to-mesh correspondence, unless noted",NOT_RUN,NOT_RUN,0.02,True,MAIN,plan_span,50e0a8fc0bab10fdec0e0b9d26c4ef4a4c71fa56aea6401e75197787c8c0e75a,[],The west extension station at source x=284 has no unambiguous named main-house boundary; cannot independently pair it with the spine face. Full-scene presence alone does not establish source endpoint identity.,False,,,,dimensions12-integration12a-central44.json
MAIN_CHAIN_03,HABS PA-5346 sheet 04,11 ft,feet/inches,3.3528000000000002,Actual evaluated east outer faces of two north masonry returns; original TIFF extension lines establish the correspondence.,0.01,0.01,,,3.3527998998761177,-1.0012388251823268e-07,"A; C source-to-mesh correspondence, unless noted",PASS,PASS,0.02,False,MAIN,plan_span,50e0a8fc0bab10fdec0e0b9d26c4ef4a4c71fa56aea6401e75197787c8c0e75a,"[{""object"":""MAIN_L1_north_spine_1"",""axis"":""X"",""side"":""max"",""coordinate_m"":0.06780003756284714,""point_m"":[0.06780003756284714,16.719499588012695,0.10699999332427979],""evaluated_vertex_ids"":[14,22,42,51],""representative_vertex_id"":22,""selected_objects"":[""MAIN_L1_north_spine_1""]},{""object"":""MAIN_L1_north_spine_3"",""axis"":""X"",""side"":""max"",""coordinate_m"":3.420599937438965,""point_m"":[3.420599937438965,14.184700012207031,0.10699999332427979],""evaluated_vertex_ids"":[14,22,42,51],""representative_vertex_id"":14,""selected_objects"":[""MAIN_L1_north_spine_3""]}]",Existing individually reviewed source anchor,True,3.3527998998761177,3.3527998998761177,,dimensions12-integration12a-central44.json
MAIN_CHAIN_04,HABS PA-5346 sheet 04,24 ft 6 in,feet/inches,7.467600000000001,,0.09,0.09,,,,,"A; C source-to-mesh correspondence, unless noted",NOT_RUN,NOT_RUN,0.037338,True,MAIN,plan_span,50e0a8fc0bab10fdec0e0b9d26c4ef4a4c71fa56aea6401e75197787c8c0e75a,[],The east extension at source x=535 meets the loggia/entry terrace transition; the exact referenced face versus paving station is not established in the current main mesh. Full-scene presence alone does not establish source endpoint identity.,False,,,,dimensions12-integration12a-central44.json
MAIN_CHAIN_05,HABS PA-5346 sheet 04,11 ft 8 in,feet/inches,3.556,,0.08,0.08,,,,,"A; C source-to-mesh correspondence, unless noted",NOT_RUN,NOT_RUN,0.02,True,MAIN,plan_span,50e0a8fc0bab10fdec0e0b9d26c4ef4a4c71fa56aea6401e75197787c8c0e75a,[],The two loggia/paving extension stations are not independently mapped to modeled outer faces; the traced floor boundary alone cannot certify the label. Full-scene presence alone does not establish source endpoint identity.,False,,,,dimensions12-integration12a-central44.json
MAIN_CHAIN_06,HABS PA-5346 sheet 04,17 ft 9 in,feet/inches,5.410200000000001,,0.08,0.08,,,,,"A; C source-to-mesh correspondence, unless noted",NOT_RUN,NOT_RUN,0.027051000000000002,True,MAIN,plan_span,50e0a8fc0bab10fdec0e0b9d26c4ef4a4c71fa56aea6401e75197787c8c0e75a,[],"The dimension crosses the loggia/stair/retaining transition; top landing, retaining wall and paving have different physical ends and the label-to-face match is unresolved. Full-scene presence alone does not establish source endpoint identity.",False,,,,dimensions12-integration12a-central44.json
MAIN_CHAIN_07,HABS PA-5346 sheet 04,13 ft 9 in,feet/inches,4.191,,0.09,0.09,,,,,"A; C source-to-mesh correspondence, unless noted",NOT_RUN,NOT_RUN,0.020954999999999998,True,MAIN,plan_span,50e0a8fc0bab10fdec0e0b9d26c4ef4a4c71fa56aea6401e75197787c8c0e75a,[],"This span includes the bridge approach, built by the site module; main-only scene lacks the east surveyed station. Full-scene presence alone does not establish source endpoint identity.",False,,,,dimensions12-integration12a-central44.json
MAIN_CHAIN_08,HABS PA-5346 sheet 04,22 ft 5.5 in,feet/inches,6.845300000000001,,0.09,0.09,,,,,"A; C source-to-mesh correspondence, unless noted",NOT_RUN,NOT_RUN,0.03422650000000001,True,MAIN,plan_span,50e0a8fc0bab10fdec0e0b9d26c4ef4a4c71fa56aea6401e75197787c8c0e75a,[],This bridge/site span is outside the main-house module; no actual main mesh can supply both ends. Full-scene presence alone does not establish source endpoint identity.,False,,,,dimensions12-integration12a-central44.json
MAIN_CHAIN_09,HABS PA-5346 sheet 04,1 ft 11 in,feet/inches,0.5842,,0.07,0.07,,,,,"A; C source-to-mesh correspondence, unless noted",NOT_RUN,NOT_RUN,0.02,True,MAIN,plan_span,50e0a8fc0bab10fdec0e0b9d26c4ef4a4c71fa56aea6401e75197787c8c0e75a,[],The final bridge/retaining-edge span is outside the main-house module. Full-scene presence alone does not establish source endpoint identity.,False,,,,dimensions12-integration12a-central44.json
MAIN_VERTICAL_TOTAL,HABS PA-5346 sheet 04,54 ft 9.75 in,feet/inches,16.70685,,0.1,0.1,,,,,"A; C source-to-mesh correspondence, unless noted",NOT_RUN,NOT_RUN,0.08353425,True,MAIN,plan_span,50e0a8fc0bab10fdec0e0b9d26c4ef4a4c71fa56aea6401e75197787c8c0e75a,[],"South parapet exterior is modeled, but the north source y=229 extension face at the servant/service entry is not resolved between open entry paving, room floor and wall; do not substitute nearest vertices. Full-scene presence alone does not establish source endpoint identity.",False,,,,dimensions12-integration12a-central44.json
MAIN_LIVING_NOMINAL_LENGTH,HABS PA-5346 sheet 04,48 ft,feet/inches,14.630400000000002,,0.15,0.15,,,,,"A; C source-to-mesh correspondence, unless noted",NOT_RUN,NOT_RUN,0.07315200000000001,True,MAIN,plan_span,50e0a8fc0bab10fdec0e0b9d26c4ef4a4c71fa56aea6401e75197787c8c0e75a,[],"Actual mesh bounding span is diagnostic only. The original label has no extension lines resolving which stepped wall, cabinet recess or net/gross boundary it measures. No claim of label-to-mesh conformity is made from a bounding box. Full-scene presence alone does not establish source endpoint identity.",False,,,,dimensions12-integration12a-central44.json
MAIN_LIVING_NOMINAL_WIDTH,HABS PA-5346 sheet 04,33 ft 8 in,feet/inches,10.261600000000001,,0.15,0.15,,,,,"A; C source-to-mesh correspondence, unless noted",NOT_RUN,NOT_RUN,0.051308000000000006,True,MAIN,plan_span,50e0a8fc0bab10fdec0e0b9d26c4ef4a4c71fa56aea6401e75197787c8c0e75a,[],"Actual mesh bounding span is diagnostic only. The original label has no extension lines resolving which stepped wall, cabinet recess or net/gross boundary it measures. No claim of label-to-mesh conformity is made from a bounding box. Full-scene presence alone does not establish source endpoint identity.",False,,,,dimensions12-integration12a-central44.json
MAIN_KITCHEN_NOMINAL_LENGTH,HABS PA-5346 sheet 04,15 ft 9 in,feet/inches,4.8006,,0.1,0.1,,,,,"A; C source-to-mesh correspondence, unless noted",NOT_RUN,NOT_RUN,0.024003,True,MAIN,plan_span,50e0a8fc0bab10fdec0e0b9d26c4ef4a4c71fa56aea6401e75197787c8c0e75a,[],"Actual mesh bounding span is diagnostic only. The original label has no extension lines resolving which stepped wall, cabinet recess or net/gross boundary it measures. No claim of label-to-mesh conformity is made from a bounding box. Full-scene presence alone does not establish source endpoint identity.",False,,,,dimensions12-integration12a-central44.json
MAIN_KITCHEN_NOMINAL_WIDTH,HABS PA-5346 sheet 04,12 ft,feet/inches,3.6576000000000004,,0.1,0.1,,,,,"A; C source-to-mesh correspondence, unless noted",NOT_RUN,NOT_RUN,0.02,True,MAIN,plan_span,50e0a8fc0bab10fdec0e0b9d26c4ef4a4c71fa56aea6401e75197787c8c0e75a,[],"Actual mesh bounding span is diagnostic only. The original label has no extension lines resolving which stepped wall, cabinet recess or net/gross boundary it measures. No claim of label-to-mesh conformity is made from a bounding box. Full-scene presence alone does not establish source endpoint identity.",False,,,,dimensions12-integration12a-central44.json
MAIN_SERVANT_NOMINAL_LENGTH,HABS PA-5346 sheet 04,11 ft 5 in,feet/inches,3.4798,,0.1,0.1,,,,,"A; C source-to-mesh correspondence, unless noted",NOT_RUN,NOT_RUN,0.02,True,MAIN,plan_span,50e0a8fc0bab10fdec0e0b9d26c4ef4a4c71fa56aea6401e75197787c8c0e75a,[],"Actual mesh bounding span is diagnostic only. The original label has no extension lines resolving which stepped wall, cabinet recess or net/gross boundary it measures. No claim of label-to-mesh conformity is made from a bounding box. Full-scene presence alone does not establish source endpoint identity.",False,,,,dimensions12-integration12a-central44.json
MAIN_SERVANT_NOMINAL_WIDTH,HABS PA-5346 sheet 04,9 ft 4 in,feet/inches,2.8448,,0.1,0.1,,,,,"A; C source-to-mesh correspondence, unless noted",NOT_RUN,NOT_RUN,0.02,True,MAIN,plan_span,50e0a8fc0bab10fdec0e0b9d26c4ef4a4c71fa56aea6401e75197787c8c0e75a,[],"Actual mesh bounding span is diagnostic only. The original label has no extension lines resolving which stepped wall, cabinet recess or net/gross boundary it measures. No claim of label-to-mesh conformity is made from a bounding box. Full-scene presence alone does not establish source endpoint identity.",False,,,,dimensions12-integration12a-central44.json
MAIN_LEVEL_2,HABS PA-5346 sheet 10,9 ft 4 in,feet/inches,2.8448,Actual evaluated finished terrace top Z difference. Both finish elevations are remeasured; no assumed cancellation of historic finish thicknesses.,,0.025,,qa/dimension-precision07-review.json,2.8448000699281693,6.99281690330622e-08,A; Independently verified nominal target: VERIFIED_RELATIVE_FINISHED_TERRACE_DATUMS,PASS,PASS,0.02,,MAIN,elevation,50e0a8fc0bab10fdec0e0b9d26c4ef4a4c71fa56aea6401e75197787c8c0e75a,"[{""object"":""MAIN_L1_TERRACE_W_finish"",""axis"":""Z"",""side"":""max"",""coordinate_m"":0.02199999988079071,""point_m"":[-4.611199855804443,0.10620000213384628,0.02199999988079071],""evaluated_vertex_ids"":[4,5,6,7],""representative_vertex_id"":4,""selected_objects"":[""MAIN_L1_TERRACE_W_finish""]},{""object"":""MAIN_L2_TERRACE_S_finish"",""axis"":""Z"",""side"":""max"",""coordinate_m"":2.86680006980896,""point_m"":[-0.35160017013549805,-2.0570998191833496,2.86680006980896],""evaluated_vertex_ids"":[1,2,5,6,9,10,14,15],""representative_vertex_id"":1,""selected_objects"":[""MAIN_L2_TERRACE_S_finish""]}]",Existing individually reviewed source anchor,True,2.8448000699281693,2.8448000699281693,,dimensions12-integration12a-central44.json
MAIN_LEVEL_3,HABS PA-5346 sheet 10,17 ft 3.25 in,feet/inches,5.264150000000001,Actual slab top Z difference from actual main terrace datum slab; no finish thickness substituted.,0.025,0.025,,,5.264150142669678,1.426696769613045e-07,"A; C source-to-mesh correspondence, unless noted",PASS,PASS,0.026320750000000004,False,MAIN,elevation,50e0a8fc0bab10fdec0e0b9d26c4ef4a4c71fa56aea6401e75197787c8c0e75a,"[{""object"":""MAIN_L1_TERRACE_W_slab"",""axis"":""Z"",""side"":""max"",""coordinate_m"":0.0,""point_m"":[-4.611199855804443,0.10620000213384628,0.0],""evaluated_vertex_ids"":[4,5,6,7],""representative_vertex_id"":4,""selected_objects"":[""MAIN_L1_TERRACE_W_slab""]},{""object"":""MAIN_L3_TERRACE_slab"",""axis"":""Z"",""side"":""max"",""coordinate_m"":5.264150142669678,""point_m"":[0.3668000102043152,8.549099922180176,5.264150142669678],""evaluated_vertex_ids"":[10,11,12,13,14,15,16,17,18,19],""representative_vertex_id"":10,""selected_objects"":[""MAIN_L3_TERRACE_slab""]}]",Existing individually reviewed source anchor,True,5.264150142669678,5.264150142669678,,dimensions12-integration12a-central44.json
MAIN_ROOF_EAST,HABS PA-5346 sheet 10,24 ft 7.375 in,feet/inches,7.502525000000001,Actual slab top Z difference from actual main terrace datum slab; no finish thickness substituted.,0.035,0.035,,,7.5025248527526855,-1.4724731567383742e-07,"A; C source-to-mesh correspondence, unless noted",PASS,PASS,0.03751262500000001,False,MAIN,elevation,50e0a8fc0bab10fdec0e0b9d26c4ef4a4c71fa56aea6401e75197787c8c0e75a,"[{""object"":""MAIN_L1_TERRACE_W_slab"",""axis"":""Z"",""side"":""max"",""coordinate_m"":0.0,""point_m"":[-4.611199855804443,0.10620000213384628,0.0],""evaluated_vertex_ids"":[4,5,6,7],""representative_vertex_id"":4,""selected_objects"":[""MAIN_L1_TERRACE_W_slab""]},{""object"":""MAIN_L3_gallery_roof"",""axis"":""Z"",""side"":""max"",""coordinate_m"":7.5025248527526855,""point_m"":[0.3160560131072998,13.489300727844238,7.5025248527526855],""evaluated_vertex_ids"":[154,173,192,211,230,249,268,286],""representative_vertex_id"":154,""selected_objects"":[""MAIN_L3_gallery_roof""]}]",Existing individually reviewed source anchor,True,7.5025248527526855,7.5025248527526855,,dimensions12-integration12a-central44.json
MAIN_ROOF_WEST,HABS PA-5346 sheet 10,24 ft 11.75 in,feet/inches,7.613650000000001,Actual slab top Z difference from actual main terrace datum slab; no finish thickness substituted.,0.035,0.035,,,7.613649845123291,-1.548767096792858e-07,"A; C source-to-mesh correspondence, unless noted",PASS,PASS,0.038068250000000005,False,MAIN,elevation,50e0a8fc0bab10fdec0e0b9d26c4ef4a4c71fa56aea6401e75197787c8c0e75a,"[{""object"":""MAIN_L1_TERRACE_W_slab"",""axis"":""Z"",""side"":""max"",""coordinate_m"":0.0,""point_m"":[-4.611199855804443,0.10620000213384628,0.0],""evaluated_vertex_ids"":[4,5,6,7],""representative_vertex_id"":4,""selected_objects"":[""MAIN_L1_TERRACE_W_slab""]},{""object"":""MAIN_L3_study_roof"",""axis"":""Z"",""side"":""max"",""coordinate_m"":7.613649845123291,""point_m"":[-4.451400279998779,10.940500259399414,7.613649845123291],""evaluated_vertex_ids"":[78,97,116,134],""representative_vertex_id"":78,""selected_objects"":[""MAIN_L3_study_roof""]}]",Existing individually reviewed source anchor,True,7.613649845123291,7.613649845123291,,dimensions12-integration12a-central44.json
GUEST_THEATER_LENGTH,HABS PA-5346-A sheet 1 original TIFF,27 ft 9 in,feet/inches,8.4582,,0.0254,0.0254,,,,,"A; C source-to-mesh correspondence, unless noted",NOT_RUN,NOT_RUN,0.042291,False,GUEST,plan_span,50e0a8fc0bab10fdec0e0b9d26c4ef4a4c71fa56aea6401e75197787c8c0e75a,[],"NOT_RUN: Nominal27′9×19′5 is printed inside a skew, recessed theater. Neither dimension is drawn with explicit endpoints; true door recess and nonparallel walls make world-axis extent an invalid substitute. Full-scene presence alone does not establish source endpoint identity.",False,,,,dimensions12-integration12a-central44.json
GUEST_THEATER_DEPTH,HABS PA-5346-A sheet 1 original TIFF,19 ft 5 in,feet/inches,5.9182,,0.0254,0.0254,,,,,"A; C source-to-mesh correspondence, unless noted",NOT_RUN,NOT_RUN,0.029591,False,GUEST,plan_span,50e0a8fc0bab10fdec0e0b9d26c4ef4a4c71fa56aea6401e75197787c8c0e75a,[],NOT_RUN: Same nonrectangular theater endpoint ambiguity; no independent source principal-axis endpoint correspondence has been established. Full-scene presence alone does not establish source endpoint identity.,False,,,,dimensions12-integration12a-central44.json
GUEST_POOL_LENGTH,HABS PA-5346-A sheet 1 original TIFF,30 ft 1 in,feet/inches,9.1694,Opposed rays to actual pool inner shell faces below water skin. Pool is not counted as a building door/window opening.,0.0254,0.0254,,,9.16939926147461,-7.38525390175937e-07,A; A clear inner-shell correspondence to printed pool dimensions,PASS,PASS,0.045847,False,GUEST,pool,50e0a8fc0bab10fdec0e0b9d26c4ef4a4c71fa56aea6401e75197787c8c0e75a,"[{""object"":""GUEST_POOL_shell_17"",""point_m"":[23.203140258789062,34.964839935302734,8.399999618530273],""normal"":[1.0,-4.6645305928905145e-07,0.0],""evaluated_face_index"":4,""evaluated_face_vertex_ids"":[7,5,2,3,11,10],""ray_origin_m"":[27.787839889526367,34.964839935302734,8.399999618530273],""ray_direction"":[-1,0,0],""ray_distance_m"":4.584699630737305,""selected_objects"":[""GUEST_POOL_shell_00"",""GUEST_POOL_shell_01"",""GUEST_POOL_shell_02"",""GUEST_POOL_shell_03"",""GUEST_POOL_shell_04"",""GUEST_POOL_shell_05"",""GUEST_POOL_shell_06"",""GUEST_POOL_shell_07"",""GUEST_POOL_shell_08"",""GUEST_POOL_shell_09"",""GUEST_POOL_shell_10"",""GUEST_POOL_shell_11"",""GUEST_POOL_shell_12"",""GUEST_POOL_shell_13"",""GUEST_POOL_shell_14"",""GUEST_POOL_shell_15"",""GUEST_POOL_shell_16"",""GUEST_POOL_shell_17"",""GUEST_POOL_shell_18"",""GUEST_POOL_shell_19"",""GUEST_POOL_shell_20"",""GUEST_POOL_shell_21"",""GUEST_POOL_shell_22"",""GUEST_POOL_shell_23"",""GUEST_POOL_shell_24"",""GUEST_POOL_shell_25"",""GUEST_POOL_shell_26"",""GUEST_POOL_shell_27"",""GUEST_POOL_shell_28"",""GUEST_POOL_shell_29"",""GUEST_POOL_shell_30"",""GUEST_POOL_shell_31"",""GUEST_POOL_shell_32"",""GUEST_POOL_shell_33"",""GUEST_POOL_shell_34"",""GUEST_POOL_shell_35""]},{""object"":""GUEST_POOL_shell_35"",""point_m"":[32.37253952026367,34.964839935302734,8.399999618530273],""normal"":[-1.0,0.0,0.0],""evaluated_face_index"":4,""evaluated_face_vertex_ids"":[2,3,7,6],""ray_origin_m"":[27.787839889526367,34.964839935302734,8.399999618530273],""ray_direction"":[1,0,0],""ray_distance_m"":4.584699630737305,""selected_objects"":[""GUEST_POOL_shell_00"",""GUEST_POOL_shell_01"",""GUEST_POOL_shell_02"",""GUEST_POOL_shell_03"",""GUEST_POOL_shell_04"",""GUEST_POOL_shell_05"",""GUEST_POOL_shell_06"",""GUEST_POOL_shell_07"",""GUEST_POOL_shell_08"",""GUEST_POOL_shell_09"",""GUEST_POOL_shell_10"",""GUEST_POOL_shell_11"",""GUEST_POOL_shell_12"",""GUEST_POOL_shell_13"",""GUEST_POOL_shell_14"",""GUEST_POOL_shell_15"",""GUEST_POOL_shell_16"",""GUEST_POOL_shell_17"",""GUEST_POOL_shell_18"",""GUEST_POOL_shell_19"",""GUEST_POOL_shell_20"",""GUEST_POOL_shell_21"",""GUEST_POOL_shell_22"",""GUEST_POOL_shell_23"",""GUEST_POOL_shell_24"",""GUEST_POOL_shell_25"",""GUEST_POOL_shell_26"",""GUEST_POOL_shell_27"",""GUEST_POOL_shell_28"",""GUEST_POOL_shell_29"",""GUEST_POOL_shell_30"",""GUEST_POOL_shell_31"",""GUEST_POOL_shell_32"",""GUEST_POOL_shell_33"",""GUEST_POOL_shell_34"",""GUEST_POOL_shell_35""]}]",Existing individually reviewed source anchor,True,9.16939926147461,9.16939926147461,,dimensions12-integration12a-central44.json
GUEST_POOL_WIDTH,HABS PA-5346-A sheet 1 original TIFF,13 ft 0 in,feet/inches,3.9624,Opposed rays to actual pool inner shell faces below water skin. Pool is not counted as a building door/window opening.,,0.0254,,qa/dimension-precision07-review.json,3.96240234375,2.34374999985576e-06,A; Independently verified nominal target: VERIFIED_OPPOSED_INNER_SHELL_FACES,PASS,PASS,0.02,,GUEST,pool,50e0a8fc0bab10fdec0e0b9d26c4ef4a4c71fa56aea6401e75197787c8c0e75a,"[{""object"":""GUEST_POOL_shell_26"",""point_m"":[27.787839889526367,32.983638763427734,8.399999618530273],""normal"":[0.0,1.0,0.0],""evaluated_face_index"":4,""evaluated_face_vertex_ids"":[2,3,7,6],""ray_origin_m"":[27.787839889526367,34.964839935302734,8.399999618530273],""ray_direction"":[0,-1,0],""ray_distance_m"":1.981201171875,""selected_objects"":[""GUEST_POOL_shell_00"",""GUEST_POOL_shell_01"",""GUEST_POOL_shell_02"",""GUEST_POOL_shell_03"",""GUEST_POOL_shell_04"",""GUEST_POOL_shell_05"",""GUEST_POOL_shell_06"",""GUEST_POOL_shell_07"",""GUEST_POOL_shell_08"",""GUEST_POOL_shell_09"",""GUEST_POOL_shell_10"",""GUEST_POOL_shell_11"",""GUEST_POOL_shell_12"",""GUEST_POOL_shell_13"",""GUEST_POOL_shell_14"",""GUEST_POOL_shell_15"",""GUEST_POOL_shell_16"",""GUEST_POOL_shell_17"",""GUEST_POOL_shell_18"",""GUEST_POOL_shell_19"",""GUEST_POOL_shell_20"",""GUEST_POOL_shell_21"",""GUEST_POOL_shell_22"",""GUEST_POOL_shell_23"",""GUEST_POOL_shell_24"",""GUEST_POOL_shell_25"",""GUEST_POOL_shell_26"",""GUEST_POOL_shell_27"",""GUEST_POOL_shell_28"",""GUEST_POOL_shell_29"",""GUEST_POOL_shell_30"",""GUEST_POOL_shell_31"",""GUEST_POOL_shell_32"",""GUEST_POOL_shell_33"",""GUEST_POOL_shell_34"",""GUEST_POOL_shell_35""]},{""object"":""GUEST_POOL_shell_08"",""point_m"":[27.787839889526367,36.946041107177734,8.399999618530273],""normal"":[0.0,-1.0,0.0],""evaluated_face_index"":4,""evaluated_face_vertex_ids"":[12,2,4,7,9,13],""ray_origin_m"":[27.787839889526367,34.964839935302734,8.399999618530273],""ray_direction"":[0,1,0],""ray_distance_m"":1.9812012910842896,""selected_objects"":[""GUEST_POOL_shell_00"",""GUEST_POOL_shell_01"",""GUEST_POOL_shell_02"",""GUEST_POOL_shell_03"",""GUEST_POOL_shell_04"",""GUEST_POOL_shell_05"",""GUEST_POOL_shell_06"",""GUEST_POOL_shell_07"",""GUEST_POOL_shell_08"",""GUEST_POOL_shell_09"",""GUEST_POOL_shell_10"",""GUEST_POOL_shell_11"",""GUEST_POOL_shell_12"",""GUEST_POOL_shell_13"",""GUEST_POOL_shell_14"",""GUEST_POOL_shell_15"",""GUEST_POOL_shell_16"",""GUEST_POOL_shell_17"",""GUEST_POOL_shell_18"",""GUEST_POOL_shell_19"",""GUEST_POOL_shell_20"",""GUEST_POOL_shell_21"",""GUEST_POOL_shell_22"",""GUEST_POOL_shell_23"",""GUEST_POOL_shell_24"",""GUEST_POOL_shell_25"",""GUEST_POOL_shell_26"",""GUEST_POOL_shell_27"",""GUEST_POOL_shell_28"",""GUEST_POOL_shell_29"",""GUEST_POOL_shell_30"",""GUEST_POOL_shell_31"",""GUEST_POOL_shell_32"",""GUEST_POOL_shell_33"",""GUEST_POOL_shell_34"",""GUEST_POOL_shell_35""]}]",Existing individually reviewed source anchor,True,3.96240234375,3.96240234375,,dimensions12-integration12a-central44.json
GUEST_BOILER_DIM_1,HABS PA-5346-A sheet 1 original TIFF,4 ft 7 in,feet/inches,1.397,Opposed rays to named evaluated structural/lining faces. Drawing XY only seeds rays; ray intersections determine the measurement. Furnishings and decorative ashlar excluded.,0.0254,0.0254,,,1.3969955444335938,-4.45556640626954e-06,A; C inferred room-label axis and finished-face interpretation from existing guest audit; not explicit surveyed extension endpoints.,PASS,SOURCE_PRECISION_LIMIT,0.02,True,GUEST,plan_span,50e0a8fc0bab10fdec0e0b9d26c4ef4a4c71fa56aea6401e75197787c8c0e75a,"[{""object"":""GUEST_L1_BOILER_SOUTH_pier_end"",""point_m"":[4.871679782867432,41.151283264160156,8.75],""normal"":[0.0,1.0,0.0],""evaluated_face_index"":52,""evaluated_face_vertex_ids"":[14,22,51,42],""ray_origin_m"":[4.87168,41.79208,8.749999618530273],""ray_direction"":[0,-1,0],""ray_distance_m"":0.6407966017723083,""selected_objects"":[""GUEST_L1_BOILER_NORTH_pier_end"",""GUEST_L1_BOILER_SOUTH_pier_end""]},{""object"":""GUEST_L1_BOILER_NORTH_pier_end"",""point_m"":[4.871679782867432,42.54827880859375,8.75],""normal"":[0.0,-1.0,0.0],""evaluated_face_index"":50,""evaluated_face_vertex_ids"":[2,8,37,29],""ray_origin_m"":[4.87168,41.79208,8.749999618530273],""ray_direction"":[0,1,0],""ray_distance_m"":0.7561988234519958,""selected_objects"":[""GUEST_L1_BOILER_NORTH_pier_end"",""GUEST_L1_BOILER_SOUTH_pier_end""]}]",Excluded: not measured or room-label axis/precision remains insufficient,False,1.3969955444335938,1.3969955444335938,,dimensions12-integration12a-central44.json
GUEST_BOILER_DIM_2,HABS PA-5346-A sheet 1 original TIFF,8 ft 2 in,feet/inches,2.4892,Opposed rays to named evaluated structural/lining faces. Drawing XY only seeds rays; ray intersections determine the measurement. Furnishings and decorative ashlar excluded.,0.0254,0.0254,,,2.4891998767852783,-1.232147215368684e-07,A; C inferred room-label axis and finished-face interpretation from existing guest audit; not explicit surveyed extension endpoints.,PASS,SOURCE_PRECISION_LIMIT,0.02,True,GUEST,plan_span,50e0a8fc0bab10fdec0e0b9d26c4ef4a4c71fa56aea6401e75197787c8c0e75a,"[{""object"":""GUEST_L1_BOILER_WEST_pier_end"",""point_m"":[3.5625598430633545,41.2648811340332,8.75],""normal"":[1.0,0.0,0.0],""evaluated_face_index"":52,""evaluated_face_vertex_ids"":[14,22,51,42],""ray_origin_m"":[4.87168,41.264880000000005,8.749999618530273],""ray_direction"":[-1,0,0],""ray_distance_m"":1.3091199398040771,""selected_objects"":[""GUEST_L1_BOILER_EAST_pier_end"",""GUEST_L1_BOILER_WEST_door_head_0"",""GUEST_L1_BOILER_WEST_handle_0"",""GUEST_L1_BOILER_WEST_jamb_0_a"",""GUEST_L1_BOILER_WEST_jamb_0_b"",""GUEST_L1_BOILER_WEST_lintel_0"",""GUEST_L1_BOILER_WEST_open_leaf_0"",""GUEST_L1_BOILER_WEST_pier_0"",""GUEST_L1_BOILER_WEST_pier_end""]},{""object"":""GUEST_L1_BOILER_EAST_pier_end"",""point_m"":[6.051759719848633,41.2648811340332,8.75],""normal"":[-1.0,0.0,0.0],""evaluated_face_index"":50,""evaluated_face_vertex_ids"":[2,8,37,29],""ray_origin_m"":[4.87168,41.264880000000005,8.749999618530273],""ray_direction"":[1,0,0],""ray_distance_m"":1.1800800561904907,""selected_objects"":[""GUEST_L1_BOILER_EAST_pier_end"",""GUEST_L1_BOILER_WEST_door_head_0"",""GUEST_L1_BOILER_WEST_handle_0"",""GUEST_L1_BOILER_WEST_jamb_0_a"",""GUEST_L1_BOILER_WEST_jamb_0_b"",""GUEST_L1_BOILER_WEST_lintel_0"",""GUEST_L1_BOILER_WEST_open_leaf_0"",""GUEST_L1_BOILER_WEST_pier_0"",""GUEST_L1_BOILER_WEST_pier_end""]}]",Excluded: not measured or room-label axis/precision remains insufficient,False,2.4891998767852783,2.4891998767852783,,dimensions12-integration12a-central44.json
GUEST_GUEST_ROOM_LENGTH,HABS PA-5346-A sheet 1 original TIFF,15 ft 9 in,feet/inches,4.8006,Opposed rays to named evaluated structural/lining faces. Drawing XY only seeds rays; ray intersections determine the measurement. Furnishings and decorative ashlar excluded.,0.0254,0.0254,,,4.80059814453125,-1.855468750200373e-06,A; C inferred room-label axis and finished-face interpretation from existing guest audit; not explicit surveyed extension endpoints.,PASS,SOURCE_PRECISION_LIMIT,0.024003,True,GUEST,plan_span,50e0a8fc0bab10fdec0e0b9d26c4ef4a4c71fa56aea6401e75197787c8c0e75a,"[{""object"":""GUEST_L1_BATH_EAST_pier_end"",""point_m"":[14.625320434570312,36.94184112548828,8.75],""normal"":[0.9999999403953552,0.0,0.0],""evaluated_face_index"":52,""evaluated_face_vertex_ids"":[14,22,51,42],""ray_origin_m"":[16.8028,36.94184,8.749999618530273],""ray_direction"":[-1,0,0],""ray_distance_m"":2.177478790283203,""selected_objects"":[""GUEST_L1_BATH_EAST_pier_end"",""GUEST_L1_BATH_EAST_pier_end_cork_lining"",""GUEST_L1_BED_EAST_door_head_0"",""GUEST_L1_BED_EAST_jamb_0_a"",""GUEST_L1_BED_EAST_jamb_0_b"",""GUEST_L1_BED_EAST_lintel_0"",""GUEST_L1_BED_EAST_lintel_1"",""GUEST_L1_BED_EAST_pier_0"",""GUEST_L1_BED_EAST_pier_1"",""GUEST_L1_BED_EAST_pier_end"",""GUEST_L1_BED_EAST_sill_1"",""GUEST_L1_BED_EAST_steel_window_1_glass_0"",""GUEST_L1_BED_EAST_steel_window_1_glass_1"",""GUEST_L1_BED_EAST_steel_window_1_head"",""GUEST_L1_BED_EAST_steel_window_1_mullion_0"",""GUEST_L1_BED_EAST_steel_window_1_mullion_1"",""GUEST_L1_BED_EAST_steel_window_1_mullion_2"",""GUEST_L1_BED_EAST_steel_window_1_sill"",""GUEST_L1_BED_EAST_steel_window_1_transom_0"",""GUEST_L1_BED_EAST_steel_window_1_transom_1""]},{""object"":""GUEST_L1_BED_EAST_sill_1"",""point_m"":[19.425918579101562,36.94184112548828,8.75],""normal"":[-1.0,0.0,0.0],""evaluated_face_index"":50,""evaluated_face_vertex_ids"":[2,8,37,29],""ray_origin_m"":[16.8028,36.94184,8.749999618530273],""ray_direction"":[1,0,0],""ray_distance_m"":2.6231191158294678,""selected_objects"":[""GUEST_L1_BATH_EAST_pier_end"",""GUEST_L1_BATH_EAST_pier_end_cork_lining"",""GUEST_L1_BED_EAST_door_head_0"",""GUEST_L1_BED_EAST_jamb_0_a"",""GUEST_L1_BED_EAST_jamb_0_b"",""GUEST_L1_BED_EAST_lintel_0"",""GUEST_L1_BED_EAST_lintel_1"",""GUEST_L1_BED_EAST_pier_0"",""GUEST_L1_BED_EAST_pier_1"",""GUEST_L1_BED_EAST_pier_end"",""GUEST_L1_BED_EAST_sill_1"",""GUEST_L1_BED_EAST_steel_window_1_glass_0"",""GUEST_L1_BED_EAST_steel_window_1_glass_1"",""GUEST_L1_BED_EAST_steel_window_1_head"",""GUEST_L1_BED_EAST_steel_window_1_mullion_0"",""GUEST_L1_BED_EAST_steel_window_1_mullion_1"",""GUEST_L1_BED_EAST_steel_window_1_mullion_2"",""GUEST_L1_BED_EAST_steel_window_1_sill"",""GUEST_L1_BED_EAST_steel_window_1_transom_0"",""GUEST_L1_BED_EAST_steel_window_1_transom_1""]}]",Excluded: not measured or room-label axis/precision remains insufficient,False,4.80059814453125,4.80059814453125,,dimensions12-integration12a-central44.json
GUEST_GUEST_ROOM_DEPTH,HABS PA-5346-A sheet 1 original TIFF,14 ft 1 in,feet/inches,4.2926,Opposed rays to named evaluated structural/lining faces. Drawing XY only seeds rays; ray intersections determine the measurement. Furnishings and decorative ashlar excluded.,0.0254,0.0254,,,4.292598724365234,-1.2756347658182676e-06,A; C inferred room-label axis and finished-face interpretation from existing guest audit; not explicit surveyed extension endpoints.,PASS,SOURCE_PRECISION_LIMIT,0.021463000000000003,True,GUEST,plan_span,50e0a8fc0bab10fdec0e0b9d26c4ef4a4c71fa56aea6401e75197787c8c0e75a,"[{""object"":""GUEST_L1_BED_FRONT_sill_0"",""point_m"":[16.802799224853516,36.39324188232422,8.75],""normal"":[0.0,1.0,0.0],""evaluated_face_index"":52,""evaluated_face_vertex_ids"":[14,22,51,42],""ray_origin_m"":[16.8028,38.259840000000004,8.749999618530273],""ray_direction"":[0,-1,0],""ray_distance_m"":1.8665962219238281,""selected_objects"":[""GUEST_L1_BED_FRONT_lintel_0"",""GUEST_L1_BED_FRONT_pier_0"",""GUEST_L1_BED_FRONT_pier_end"",""GUEST_L1_BED_FRONT_sill_0"",""GUEST_L1_BED_FRONT_steel_window_0_glass_0"",""GUEST_L1_BED_FRONT_steel_window_0_glass_1"",""GUEST_L1_BED_FRONT_steel_window_0_glass_2"",""GUEST_L1_BED_FRONT_steel_window_0_glass_3"",""GUEST_L1_BED_FRONT_steel_window_0_glass_4"",""GUEST_L1_BED_FRONT_steel_window_0_glass_5"",""GUEST_L1_BED_FRONT_steel_window_0_head"",""GUEST_L1_BED_FRONT_steel_window_0_mullion_0"",""GUEST_L1_BED_FRONT_steel_window_0_mullion_1"",""GUEST_L1_BED_FRONT_steel_window_0_mullion_2"",""GUEST_L1_BED_FRONT_steel_window_0_mullion_3"",""GUEST_L1_BED_FRONT_steel_window_0_mullion_4"",""GUEST_L1_BED_FRONT_steel_window_0_mullion_5"",""GUEST_L1_BED_FRONT_steel_window_0_mullion_6"",""GUEST_L1_BED_FRONT_steel_window_0_sill"",""GUEST_L1_BED_FRONT_steel_window_0_transom_0"",""GUEST_L1_BED_FRONT_steel_window_0_transom_1"",""GUEST_L1_BED_FRONT_steel_window_0_transom_2"",""GUEST_L1_BED_FRONT_steel_window_0_transom_3"",""GUEST_L1_BED_FRONT_steel_window_0_transom_4"",""GUEST_L1_BED_FRONT_steel_window_0_transom_5"",""GUEST_L1_NORTH_STONE_SPINE_pier_end""]},{""object"":""GUEST_L1_NORTH_STONE_SPINE_pier_end"",""point_m"":[16.802799224853516,40.68584060668945,8.75],""normal"":[0.0,-0.9999999403953552,0.0],""evaluated_face_index"":50,""evaluated_face_vertex_ids"":[2,8,37,29],""ray_origin_m"":[16.8028,38.259840000000004,8.749999618530273],""ray_direction"":[0,1,0],""ray_distance_m"":2.4260025024414062,""selected_objects"":[""GUEST_L1_BED_FRONT_lintel_0"",""GUEST_L1_BED_FRONT_pier_0"",""GUEST_L1_BED_FRONT_pier_end"",""GUEST_L1_BED_FRONT_sill_0"",""GUEST_L1_BED_FRONT_steel_window_0_glass_0"",""GUEST_L1_BED_FRONT_steel_window_0_glass_1"",""GUEST_L1_BED_FRONT_steel_window_0_glass_2"",""GUEST_L1_BED_FRONT_steel_window_0_glass_3"",""GUEST_L1_BED_FRONT_steel_window_0_glass_4"",""GUEST_L1_BED_FRONT_steel_window_0_glass_5"",""GUEST_L1_BED_FRONT_steel_window_0_head"",""GUEST_L1_BED_FRONT_steel_window_0_mullion_0"",""GUEST_L1_BED_FRONT_steel_window_0_mullion_1"",""GUEST_L1_BED_FRONT_steel_window_0_mullion_2"",""GUEST_L1_BED_FRONT_steel_window_0_mullion_3"",""GUEST_L1_BED_FRONT_steel_window_0_mullion_4"",""GUEST_L1_BED_FRONT_steel_window_0_mullion_5"",""GUEST_L1_BED_FRONT_steel_window_0_mullion_6"",""GUEST_L1_BED_FRONT_steel_window_0_sill"",""GUEST_L1_BED_FRONT_steel_window_0_transom_0"",""GUEST_L1_BED_FRONT_steel_window_0_transom_1"",""GUEST_L1_BED_FRONT_steel_window_0_transom_2"",""GUEST_L1_BED_FRONT_steel_window_0_transom_3"",""GUEST_L1_BED_FRONT_steel_window_0_transom_4"",""GUEST_L1_BED_FRONT_steel_window_0_transom_5"",""GUEST_L1_NORTH_STONE_SPINE_pier_end""]}]",Excluded: not measured or room-label axis/precision remains insufficient,False,4.292598724365234,4.292598724365234,,dimensions12-integration12a-central44.json
GUEST_LAUNDRY_LENGTH,HABS PA-5346-A sheet 1 original TIFF,11 ft 7 in,feet/inches,3.5306,Opposed rays to named evaluated structural/lining faces. Drawing XY only seeds rays; ray intersections determine the measurement. Furnishings and decorative ashlar excluded.,0.0254,0.0254,,,3.530597686767578,-2.3132324220576095e-06,A; C inferred room-label axis and finished-face interpretation from existing guest audit; not explicit surveyed extension endpoints.,PASS,SOURCE_PRECISION_LIMIT,0.02,True,GUEST,plan_span,50e0a8fc0bab10fdec0e0b9d26c4ef4a4c71fa56aea6401e75197787c8c0e75a,"[{""object"":""GUEST_B1_BASE_SOUTH_sill_0"",""point_m"":[-0.12151999771595001,37.33544158935547,6.539999961853027],""normal"":[0.0,1.0,0.0],""evaluated_face_index"":52,""evaluated_face_vertex_ids"":[14,22,51,42],""ray_origin_m"":[-0.1215200000000003,38.62888,6.539999961853027],""ray_direction"":[0,-1,0],""ray_distance_m"":1.2934379577636719,""selected_objects"":[""GUEST_B1_BASE_NORTH_SPLAY_pier_end"",""GUEST_B1_BASE_NORTH_pier_end"",""GUEST_B1_BASE_SOUTH_lintel_0"",""GUEST_B1_BASE_SOUTH_pier_0"",""GUEST_B1_BASE_SOUTH_pier_0_cork_lining"",""GUEST_B1_BASE_SOUTH_pier_end"",""GUEST_B1_BASE_SOUTH_sill_0"",""GUEST_B1_BASE_SOUTH_steel_window_0_glass_0"",""GUEST_B1_BASE_SOUTH_steel_window_0_glass_1"",""GUEST_B1_BASE_SOUTH_steel_window_0_glass_2"",""GUEST_B1_BASE_SOUTH_steel_window_0_head"",""GUEST_B1_BASE_SOUTH_steel_window_0_mullion_0"",""GUEST_B1_BASE_SOUTH_steel_window_0_mullion_1"",""GUEST_B1_BASE_SOUTH_steel_window_0_mullion_2"",""GUEST_B1_BASE_SOUTH_steel_window_0_mullion_3"",""GUEST_B1_BASE_SOUTH_steel_window_0_sill"",""GUEST_B1_BASE_SOUTH_steel_window_0_transom_0"",""GUEST_B1_BASE_SOUTH_steel_window_0_transom_1"",""GUEST_B1_BASE_SOUTH_steel_window_0_transom_2""]},{""object"":""GUEST_B1_BASE_NORTH_pier_end"",""point_m"":[-0.12151999771595001,40.86603927612305,6.539999961853027],""normal"":[0.0,-0.9999999403953552,0.0],""evaluated_face_index"":50,""evaluated_face_vertex_ids"":[2,8,37,29],""ray_origin_m"":[-0.1215200000000003,38.62888,6.539999961853027],""ray_direction"":[0,1,0],""ray_distance_m"":2.237159490585327,""selected_objects"":[""GUEST_B1_BASE_NORTH_SPLAY_pier_end"",""GUEST_B1_BASE_NORTH_pier_end"",""GUEST_B1_BASE_SOUTH_lintel_0"",""GUEST_B1_BASE_SOUTH_pier_0"",""GUEST_B1_BASE_SOUTH_pier_0_cork_lining"",""GUEST_B1_BASE_SOUTH_pier_end"",""GUEST_B1_BASE_SOUTH_sill_0"",""GUEST_B1_BASE_SOUTH_steel_window_0_glass_0"",""GUEST_B1_BASE_SOUTH_steel_window_0_glass_1"",""GUEST_B1_BASE_SOUTH_steel_window_0_glass_2"",""GUEST_B1_BASE_SOUTH_steel_window_0_head"",""GUEST_B1_BASE_SOUTH_steel_window_0_mullion_0"",""GUEST_B1_BASE_SOUTH_steel_window_0_mullion_1"",""GUEST_B1_BASE_SOUTH_steel_window_0_mullion_2"",""GUEST_B1_BASE_SOUTH_steel_window_0_mullion_3"",""GUEST_B1_BASE_SOUTH_steel_window_0_sill"",""GUEST_B1_BASE_SOUTH_steel_window_0_transom_0"",""GUEST_B1_BASE_SOUTH_steel_window_0_transom_1"",""GUEST_B1_BASE_SOUTH_steel_window_0_transom_2""]}]",Excluded: not measured or room-label axis/precision remains insufficient,False,3.530597686767578,3.530597686767578,,dimensions12-integration12a-central44.json
GUEST_LAUNDRY_DEPTH,HABS PA-5346-A sheet 1 original TIFF,9 ft 8 in,feet/inches,2.9464,Opposed rays to named evaluated structural/lining faces. Drawing XY only seeds rays; ray intersections determine the measurement. Furnishings and decorative ashlar excluded.,0.0254,0.0254,,,2.9464000463485718,4.634857164731443e-08,A; C inferred room-label axis and finished-face interpretation from existing guest audit; not explicit surveyed extension endpoints.,PASS,SOURCE_PRECISION_LIMIT,0.02,True,GUEST,plan_span,50e0a8fc0bab10fdec0e0b9d26c4ef4a4c71fa56aea6401e75197787c8c0e75a,"[{""object"":""GUEST_B1_BASE_BATH_EAST_pier_end"",""point_m"":[-1.7588000297546387,37.943519592285156,6.539999961853027],""normal"":[1.0,-8.745271884436079e-08,0.0],""evaluated_face_index"":52,""evaluated_face_vertex_ids"":[14,22,51,42],""ray_origin_m"":[-0.27920000000000034,37.94352,6.539999961853027],""ray_direction"":[-1,0,0],""ray_distance_m"":1.4796000719070435,""selected_objects"":[""GUEST_B1_BASE_BATH_EAST_door_head_0"",""GUEST_B1_BASE_BATH_EAST_handle_0"",""GUEST_B1_BASE_BATH_EAST_jamb_0_a"",""GUEST_B1_BASE_BATH_EAST_jamb_0_b"",""GUEST_B1_BASE_BATH_EAST_lintel_0"",""GUEST_B1_BASE_BATH_EAST_lintel_0_cork_lining"",""GUEST_B1_BASE_BATH_EAST_open_leaf_0"",""GUEST_B1_BASE_BATH_EAST_pier_0"",""GUEST_B1_BASE_BATH_EAST_pier_0_cork_lining"",""GUEST_B1_BASE_BATH_EAST_pier_end"",""GUEST_B1_BASE_BATH_EAST_pier_end_cork_lining"",""GUEST_B1_BASE_EAST_door_head_0"",""GUEST_B1_BASE_EAST_handle_0"",""GUEST_B1_BASE_EAST_jamb_0_a"",""GUEST_B1_BASE_EAST_jamb_0_b"",""GUEST_B1_BASE_EAST_lintel_0"",""GUEST_B1_BASE_EAST_open_leaf_0"",""GUEST_B1_BASE_EAST_pier_0"",""GUEST_B1_BASE_EAST_pier_end""]},{""object"":""GUEST_B1_BASE_EAST_pier_end"",""point_m"":[1.187600016593933,37.943519592285156,6.539999961853027],""normal"":[-1.0,4.542389575590278e-08,0.0],""evaluated_face_index"":50,""evaluated_face_vertex_ids"":[2,8,37,29],""ray_origin_m"":[-0.27920000000000034,37.94352,6.539999961853027],""ray_direction"":[1,0,0],""ray_distance_m"":1.4667999744415283,""selected_objects"":[""GUEST_B1_BASE_BATH_EAST_door_head_0"",""GUEST_B1_BASE_BATH_EAST_handle_0"",""GUEST_B1_BASE_BATH_EAST_jamb_0_a"",""GUEST_B1_BASE_BATH_EAST_jamb_0_b"",""GUEST_B1_BASE_BATH_EAST_lintel_0"",""GUEST_B1_BASE_BATH_EAST_lintel_0_cork_lining"",""GUEST_B1_BASE_BATH_EAST_open_leaf_0"",""GUEST_B1_BASE_BATH_EAST_pier_0"",""GUEST_B1_BASE_BATH_EAST_pier_0_cork_lining"",""GUEST_B1_BASE_BATH_EAST_pier_end"",""GUEST_B1_BASE_BATH_EAST_pier_end_cork_lining"",""GUEST_B1_BASE_EAST_door_head_0"",""GUEST_B1_BASE_EAST_handle_0"",""GUEST_B1_BASE_EAST_jamb_0_a"",""GUEST_B1_BASE_EAST_jamb_0_b"",""GUEST_B1_BASE_EAST_lintel_0"",""GUEST_B1_BASE_EAST_open_leaf_0"",""GUEST_B1_BASE_EAST_pier_0"",""GUEST_B1_BASE_EAST_pier_end""]}]",Excluded: not measured or room-label axis/precision remains insufficient,False,2.9464000463485718,2.9464000463485718,,dimensions12-integration12a-central44.json
GUEST_BASE_BATH_LENGTH,HABS PA-5346-A sheet 1 original TIFF,6 ft 8 in,feet/inches,2.032,Opposed rays to named evaluated structural/lining faces. Drawing XY only seeds rays; ray intersections determine the measurement. Furnishings and decorative ashlar excluded.,0.0254,0.0254,,,2.0319976806640625,-2.3193359375284217e-06,A; C inferred room-label axis and finished-face interpretation from existing guest audit; not explicit surveyed extension endpoints.,PASS,SOURCE_PRECISION_LIMIT,0.02,True,GUEST,plan_span,50e0a8fc0bab10fdec0e0b9d26c4ef4a4c71fa56aea6401e75197787c8c0e75a,"[{""object"":""GUEST_B1_BASE_SOUTH_pier_0_cork_lining"",""point_m"":[-2.329040050506592,37.34444046020508,6.539999961853027],""normal"":[0.0,1.0,0.0],""evaluated_face_index"":52,""evaluated_face_vertex_ids"":[14,22,51,42],""ray_origin_m"":[-2.3290400000000004,38.259840000000004,6.539999961853027],""ray_direction"":[0,-1,0],""ray_distance_m"":0.9153977036476135,""selected_objects"":[""GUEST_B1_BASE_BATH_NORTH_pier_end"",""GUEST_B1_BASE_BATH_NORTH_pier_end_cork_lining"",""GUEST_B1_BASE_SOUTH_lintel_0"",""GUEST_B1_BASE_SOUTH_pier_0"",""GUEST_B1_BASE_SOUTH_pier_0_cork_lining"",""GUEST_B1_BASE_SOUTH_pier_end"",""GUEST_B1_BASE_SOUTH_sill_0"",""GUEST_B1_BASE_SOUTH_steel_window_0_glass_0"",""GUEST_B1_BASE_SOUTH_steel_window_0_glass_1"",""GUEST_B1_BASE_SOUTH_steel_window_0_glass_2"",""GUEST_B1_BASE_SOUTH_steel_window_0_head"",""GUEST_B1_BASE_SOUTH_steel_window_0_mullion_0"",""GUEST_B1_BASE_SOUTH_steel_window_0_mullion_1"",""GUEST_B1_BASE_SOUTH_steel_window_0_mullion_2"",""GUEST_B1_BASE_SOUTH_steel_window_0_mullion_3"",""GUEST_B1_BASE_SOUTH_steel_window_0_sill"",""GUEST_B1_BASE_SOUTH_steel_window_0_transom_0"",""GUEST_B1_BASE_SOUTH_steel_window_0_transom_1"",""GUEST_B1_BASE_SOUTH_steel_window_0_transom_2""]},{""object"":""GUEST_B1_BASE_BATH_NORTH_pier_end_cork_lining"",""point_m"":[-2.329040050506592,39.37643814086914,6.539999961853027],""normal"":[0.0,-1.0,0.0],""evaluated_face_index"":50,""evaluated_face_vertex_ids"":[2,8,37,29],""ray_origin_m"":[-2.3290400000000004,38.259840000000004,6.539999961853027],""ray_direction"":[0,1,0],""ray_distance_m"":1.1166001558303833,""selected_objects"":[""GUEST_B1_BASE_BATH_NORTH_pier_end"",""GUEST_B1_BASE_BATH_NORTH_pier_end_cork_lining"",""GUEST_B1_BASE_SOUTH_lintel_0"",""GUEST_B1_BASE_SOUTH_pier_0"",""GUEST_B1_BASE_SOUTH_pier_0_cork_lining"",""GUEST_B1_BASE_SOUTH_pier_end"",""GUEST_B1_BASE_SOUTH_sill_0"",""GUEST_B1_BASE_SOUTH_steel_window_0_glass_0"",""GUEST_B1_BASE_SOUTH_steel_window_0_glass_1"",""GUEST_B1_BASE_SOUTH_steel_window_0_glass_2"",""GUEST_B1_BASE_SOUTH_steel_window_0_head"",""GUEST_B1_BASE_SOUTH_steel_window_0_mullion_0"",""GUEST_B1_BASE_SOUTH_steel_window_0_mullion_1"",""GUEST_B1_BASE_SOUTH_steel_window_0_mullion_2"",""GUEST_B1_BASE_SOUTH_steel_window_0_mullion_3"",""GUEST_B1_BASE_SOUTH_steel_window_0_sill"",""GUEST_B1_BASE_SOUTH_steel_window_0_transom_0"",""GUEST_B1_BASE_SOUTH_steel_window_0_transom_1"",""GUEST_B1_BASE_SOUTH_steel_window_0_transom_2""]}]",Excluded: not measured or room-label axis/precision remains insufficient,False,2.0319976806640625,2.0319976806640625,,dimensions12-integration12a-central44.json
GUEST_BASE_BATH_WIDTH,HABS PA-5346-A sheet 1 original TIFF,5 ft 1 in,feet/inches,1.5494,Opposed rays to named evaluated structural/lining faces. Drawing XY only seeds rays; ray intersections determine the measurement. Furnishings and decorative ashlar excluded.,0.0254,0.0254,,,1.5493998527526855,-1.472473145636144e-07,A; C inferred room-label axis and finished-face interpretation from existing guest audit; not explicit surveyed extension endpoints.,PASS,SOURCE_PRECISION_LIMIT,0.02,True,GUEST,plan_span,50e0a8fc0bab10fdec0e0b9d26c4ef4a4c71fa56aea6401e75197787c8c0e75a,"[{""object"":""GUEST_B1_BASE_BATH_WEST_pier_end_cork_lining"",""point_m"":[-3.447199821472168,38.0489616394043,6.539999961853027],""normal"":[1.0,0.0,0.0],""evaluated_face_index"":52,""evaluated_face_vertex_ids"":[14,22,51,42],""ray_origin_m"":[-2.3290400000000004,38.04896,6.539999961853027],""ray_direction"":[-1,0,0],""ray_distance_m"":1.1181598901748657,""selected_objects"":[""GUEST_B1_BASE_BATH_EAST_door_head_0"",""GUEST_B1_BASE_BATH_EAST_handle_0"",""GUEST_B1_BASE_BATH_EAST_jamb_0_a"",""GUEST_B1_BASE_BATH_EAST_jamb_0_b"",""GUEST_B1_BASE_BATH_EAST_lintel_0"",""GUEST_B1_BASE_BATH_EAST_lintel_0_cork_lining"",""GUEST_B1_BASE_BATH_EAST_open_leaf_0"",""GUEST_B1_BASE_BATH_EAST_pier_0"",""GUEST_B1_BASE_BATH_EAST_pier_0_cork_lining"",""GUEST_B1_BASE_BATH_EAST_pier_end"",""GUEST_B1_BASE_BATH_EAST_pier_end_cork_lining"",""GUEST_B1_BASE_BATH_WEST_pier_end"",""GUEST_B1_BASE_BATH_WEST_pier_end_cork_lining""]},{""object"":""GUEST_B1_BASE_BATH_EAST_pier_end_cork_lining"",""point_m"":[-1.8977999687194824,38.0489616394043,6.539999961853027],""normal"":[-1.0,0.0,0.0],""evaluated_face_index"":50,""evaluated_face_vertex_ids"":[2,8,37,29],""ray_origin_m"":[-2.3290400000000004,38.04896,6.539999961853027],""ray_direction"":[1,0,0],""ray_distance_m"":0.431240051984787,""selected_objects"":[""GUEST_B1_BASE_BATH_EAST_door_head_0"",""GUEST_B1_BASE_BATH_EAST_handle_0"",""GUEST_B1_BASE_BATH_EAST_jamb_0_a"",""GUEST_B1_BASE_BATH_EAST_jamb_0_b"",""GUEST_B1_BASE_BATH_EAST_lintel_0"",""GUEST_B1_BASE_BATH_EAST_lintel_0_cork_lining"",""GUEST_B1_BASE_BATH_EAST_open_leaf_0"",""GUEST_B1_BASE_BATH_EAST_pier_0"",""GUEST_B1_BASE_BATH_EAST_pier_0_cork_lining"",""GUEST_B1_BASE_BATH_EAST_pier_end"",""GUEST_B1_BASE_BATH_EAST_pier_end_cork_lining"",""GUEST_B1_BASE_BATH_WEST_pier_end"",""GUEST_B1_BASE_BATH_WEST_pier_end_cork_lining""]}]",Excluded: not measured or room-label axis/precision remains insufficient,False,1.5493998527526855,1.5493998527526855,,dimensions12-integration12a-central44.json
GUEST_SERVICE_Y_CHAIN,HABS PA-5346-A sheet 1 original TIFF,50 ft 10.25 in,feet/inches,15.50035,,0.0127,0.0127,,,,,"A; C source-to-mesh correspondence, unless noted",NOT_RUN,NOT_RUN,0.07750175,False,GUEST,plan_span,50e0a8fc0bab10fdec0e0b9d26c4ef4a4c71fa56aea6401e75197787c8c0e75a,[],NOT_RUN: Printed50′10¼ vertical witness line starts at an angled service-wall projection. Mapping that witness to a specific inner/outer finished vertex is unresolved. Full-scene presence alone does not establish source endpoint identity.,False,,,,dimensions12-integration12a-central44.json
GUEST_POOL_OUTER_WIDTH,HABS PA-5346-A sheet 1 original TIFF,31 ft 6.625 in,feet/inches,9.617075,"Actual outer coping ring X extrema, matched to printed pool exterior horizontal chain.",0.0127,0.0127,,,9.617074966430664,-3.356933575560106e-08,"A; C source-to-mesh correspondence, unless noted",PASS,PASS,0.048085375,False,GUEST,pool,50e0a8fc0bab10fdec0e0b9d26c4ef4a4c71fa56aea6401e75197787c8c0e75a,"[{""object"":""GUEST_POOL_coping_17"",""axis"":""X"",""side"":""min"",""coordinate_m"":22.97930335998535,""point_m"":[22.97930335998535,33.53364181518555,9.034850120544434],""evaluated_vertex_ids"":[0,2,5,6],""representative_vertex_id"":0,""selected_objects"":[""GUEST_POOL_coping_00"",""GUEST_POOL_coping_01"",""GUEST_POOL_coping_02"",""GUEST_POOL_coping_03"",""GUEST_POOL_coping_04"",""GUEST_POOL_coping_05"",""GUEST_POOL_coping_06"",""GUEST_POOL_coping_07"",""GUEST_POOL_coping_08"",""GUEST_POOL_coping_09"",""GUEST_POOL_coping_10"",""GUEST_POOL_coping_11"",""GUEST_POOL_coping_12"",""GUEST_POOL_coping_17"",""GUEST_POOL_coping_18"",""GUEST_POOL_coping_19"",""GUEST_POOL_coping_20"",""GUEST_POOL_coping_21"",""GUEST_POOL_coping_22"",""GUEST_POOL_coping_23"",""GUEST_POOL_coping_24"",""GUEST_POOL_coping_25"",""GUEST_POOL_coping_26"",""GUEST_POOL_coping_27"",""GUEST_POOL_coping_28"",""GUEST_POOL_coping_29"",""GUEST_POOL_coping_30"",""GUEST_POOL_coping_31"",""GUEST_POOL_coping_32"",""GUEST_POOL_coping_33"",""GUEST_POOL_coping_34"",""GUEST_POOL_coping_35""]},{""object"":""GUEST_POOL_coping_00"",""axis"":""X"",""side"":""max"",""coordinate_m"":32.596378326416016,""point_m"":[32.596378326416016,36.39604187011719,9.034850120544434],""evaluated_vertex_ids"":[0,4],""representative_vertex_id"":0,""selected_objects"":[""GUEST_POOL_coping_00"",""GUEST_POOL_coping_01"",""GUEST_POOL_coping_02"",""GUEST_POOL_coping_03"",""GUEST_POOL_coping_04"",""GUEST_POOL_coping_05"",""GUEST_POOL_coping_06"",""GUEST_POOL_coping_07"",""GUEST_POOL_coping_08"",""GUEST_POOL_coping_09"",""GUEST_POOL_coping_10"",""GUEST_POOL_coping_11"",""GUEST_POOL_coping_12"",""GUEST_POOL_coping_17"",""GUEST_POOL_coping_18"",""GUEST_POOL_coping_19"",""GUEST_POOL_coping_20"",""GUEST_POOL_coping_21"",""GUEST_POOL_coping_22"",""GUEST_POOL_coping_23"",""GUEST_POOL_coping_24"",""GUEST_POOL_coping_25"",""GUEST_POOL_coping_26"",""GUEST_POOL_coping_27"",""GUEST_POOL_coping_28"",""GUEST_POOL_coping_29"",""GUEST_POOL_coping_30"",""GUEST_POOL_coping_31"",""GUEST_POOL_coping_32"",""GUEST_POOL_coping_33"",""GUEST_POOL_coping_34"",""GUEST_POOL_coping_35""]}]",Existing individually reviewed source anchor,True,9.617074966430664,9.617074966430664,,dimensions12-integration12a-central44.json
GUEST_THEATER_NORTH_RISE,HABS PA-5346-A sheet 1 original TIFF,14 ft 5.625 in,feet/inches,4.410075,,0.0127,0.0127,,,,,"A; C source-to-mesh correspondence, unless noted",NOT_RUN,NOT_RUN,0.022050375,False,GUEST,plan_span,50e0a8fc0bab10fdec0e0b9d26c4ef4a4c71fa56aea6401e75197787c8c0e75a,[],NOT_RUN: Printed14′5⅝ north angled-wall projected rise lacks established inner/outer vertex identity in the current traced mesh. Do not substitute whole object boundingbox. Full-scene presence alone does not establish source endpoint identity.,False,,,,dimensions12-integration12a-central44.json
GUEST_THEATER_EAST_SEGMENT,HABS PA-5346-A sheet 1 original TIFF,12 ft 8.75 in,feet/inches,3.87985,,0.0127,0.0127,,,,,"A; C source-to-mesh correspondence, unless noted",NOT_RUN,NOT_RUN,0.02,False,GUEST,plan_span,50e0a8fc0bab10fdec0e0b9d26c4ef4a4c71fa56aea6401e75197787c8c0e75a,[],"NOT_RUN: Printed12′8¾ is a partial east-wall interval terminating at a projection line; no named mesh vertex fixes that witness endpoint, so whole east-wall length is not equivalent. Full-scene presence alone does not establish source endpoint identity.",False,,,,dimensions12-integration12a-central44.json
GUEST_SECOND_LEVEL,HABS PA-5346-A sheet4 original TIFF,7 ft 8.625 in,feet/inches,2.352675,"Actual selected mesh top Z minus actual guest main slab top Z. This is a local guest datum, not a measured cross-building height.",0.00635,0.00635,,,2.352675437927246,4.379272460219852e-07,"A; C source-to-mesh correspondence, unless noted",PASS,PASS,0.02,False,GUEST,elevation,50e0a8fc0bab10fdec0e0b9d26c4ef4a4c71fa56aea6401e75197787c8c0e75a,"[{""object"":""GUEST_C10_MAIN_FLOOR_EAST_RETAINED"",""axis"":""Z"",""side"":""max"",""coordinate_m"":8.399999618530273,""point_m"":[9.864879608154297,35.94015884399414,8.399999618530273],""evaluated_vertex_ids"":[4,5,6,7],""representative_vertex_id"":4,""selected_objects"":[""GUEST_C10_MAIN_FLOOR_EAST_RETAINED""]},{""object"":""GUEST_L2_BEDROOM_FLOOR"",""axis"":""Z"",""side"":""max"",""coordinate_m"":10.75267505645752,""point_m"":[-3.4853599071502686,37.099998474121094,10.75267505645752],""evaluated_vertex_ids"":[4,5,6,7],""representative_vertex_id"":4,""selected_objects"":[""GUEST_L2_BEDROOM_FLOOR""]}]",Existing individually reviewed source anchor,True,2.352675437927246,2.352675437927246,,dimensions12-integration12a-central44.json
GUEST_TOP_STONE,HABS PA-5346-A sheet4 original TIFF,14 ft 9.625 in,feet/inches,4.511675,"Actual selected mesh top Z minus actual guest main slab top Z. This is a local guest datum, not a measured cross-building height.",0.00635,0.00635,,,4.511675834655762,8.346557613947425e-07,"A; C source-to-mesh correspondence, unless noted",PASS,PASS,0.022558375000000002,False,GUEST,elevation,50e0a8fc0bab10fdec0e0b9d26c4ef4a4c71fa56aea6401e75197787c8c0e75a,"[{""object"":""GUEST_C10_MAIN_FLOOR_EAST_RETAINED"",""axis"":""Z"",""side"":""max"",""coordinate_m"":8.399999618530273,""point_m"":[9.864879608154297,35.94015884399414,8.399999618530273],""evaluated_vertex_ids"":[4,5,6,7],""representative_vertex_id"":4,""selected_objects"":[""GUEST_C10_MAIN_FLOOR_EAST_RETAINED""]},{""object"":""GUEST_L2_UPPER_TERRACE_DIAGONAL_pier_end"",""axis"":""Z"",""side"":""max"",""coordinate_m"":12.911675453186035,""point_m"":[-3.4569475650787354,52.63375473022461,12.911675453186035],""evaluated_vertex_ids"":[30,36,43,50],""representative_vertex_id"":30,""selected_objects"":[""GUEST_L2_UPPER_TERRACE_DIAGONAL_pier_end"",""GUEST_L2_UPPER_TERRACE_EAST_pier_end"",""GUEST_L2_UPPER_TERRACE_NORTHEAST_pier_end""]}]",Existing individually reviewed source anchor,True,4.511675834655762,4.511675834655762,,dimensions12-integration12a-central44.json
GUEST_PARAPET,HABS PA-5346-A sheet4 original TIFF,10 ft 9.75 in,feet/inches,3.29565,"Actual selected mesh top Z minus actual guest main slab top Z. This is a local guest datum, not a measured cross-building height.",0.00635,0.00635,,,3.2956504821777344,4.821777341845745e-07,"A; C source-to-mesh correspondence, unless noted",PASS,PASS,0.02,False,GUEST,elevation,50e0a8fc0bab10fdec0e0b9d26c4ef4a4c71fa56aea6401e75197787c8c0e75a,"[{""object"":""GUEST_C10_MAIN_FLOOR_EAST_RETAINED"",""axis"":""Z"",""side"":""max"",""coordinate_m"":8.399999618530273,""point_m"":[9.864879608154297,35.94015884399414,8.399999618530273],""evaluated_vertex_ids"":[4,5,6,7],""representative_vertex_id"":4,""selected_objects"":[""GUEST_C10_MAIN_FLOOR_EAST_RETAINED""]},{""object"":""GUEST_LOW_ARM_ROOF_parapet_0"",""axis"":""Z"",""side"":""max"",""coordinate_m"":11.695650100708008,""point_m"":[3.9168319702148438,40.073402404785156,11.695650100708008],""evaluated_vertex_ids"":[30,36,43,50],""representative_vertex_id"":30,""selected_objects"":[""GUEST_LOW_ARM_ROOF_parapet_0"",""GUEST_LOW_ARM_ROOF_parapet_1"",""GUEST_LOW_ARM_ROOF_parapet_2"",""GUEST_LOW_ARM_ROOF_parapet_3"",""GUEST_LOW_ARM_ROOF_parapet_4"",""GUEST_LOW_ARM_ROOF_parapet_5"",""GUEST_LOW_ARM_ROOF_parapet_6"",""GUEST_LOW_ARM_ROOF_parapet_7"",""GUEST_LOW_ARM_ROOF_parapet_8""]}]",Existing individually reviewed source anchor,True,3.2956504821777344,3.2956504821777344,,dimensions12-integration12a-central44.json
GUEST_CHIMNEY,HABS PA-5346-A sheet4 original TIFF,17 ft 2.75 in,feet/inches,5.25145,"Actual selected mesh top Z minus actual guest main slab top Z. This is a local guest datum, not a measured cross-building height.",0.00635,0.00635,,,5.251450538635254,5.386352537328776e-07,"A; C source-to-mesh correspondence, unless noted",PASS,PASS,0.026257250000000003,False,GUEST,elevation,50e0a8fc0bab10fdec0e0b9d26c4ef4a4c71fa56aea6401e75197787c8c0e75a,"[{""object"":""GUEST_C10_MAIN_FLOOR_EAST_RETAINED"",""axis"":""Z"",""side"":""max"",""coordinate_m"":8.399999618530273,""point_m"":[9.864879608154297,35.94015884399414,8.399999618530273],""evaluated_vertex_ids"":[4,5,6,7],""representative_vertex_id"":4,""selected_objects"":[""GUEST_C10_MAIN_FLOOR_EAST_RETAINED""]},{""object"":""GUEST_STONE_CHIMNEY_pier_end"",""axis"":""Z"",""side"":""max"",""coordinate_m"":13.651450157165527,""point_m"":[3.3806440830230713,40.94155502319336,13.651450157165527],""evaluated_vertex_ids"":[30,36,43,50],""representative_vertex_id"":30,""selected_objects"":[""GUEST_STONE_CHIMNEY_pier_end""]}]",Existing individually reviewed source anchor,True,5.251450538635254,5.251450538635254,,dimensions12-integration12a-central44.json
GUEST_LOW_STONE,HABS PA-5346-A sheet4 original TIFF,6 ft 11.75 in,feet/inches,2.12725,"Actual selected mesh top Z minus actual guest main slab top Z. This is a local guest datum, not a measured cross-building height.",0.00635,0.00635,,,2.1272506713867188,6.713867186647349e-07,"A; C source-to-mesh correspondence, unless noted",PASS,PASS,0.02,False,GUEST,elevation,50e0a8fc0bab10fdec0e0b9d26c4ef4a4c71fa56aea6401e75197787c8c0e75a,"[{""object"":""GUEST_C10_MAIN_FLOOR_EAST_RETAINED"",""axis"":""Z"",""side"":""max"",""coordinate_m"":8.399999618530273,""point_m"":[9.864879608154297,35.94015884399414,8.399999618530273],""evaluated_vertex_ids"":[4,5,6,7],""representative_vertex_id"":4,""selected_objects"":[""GUEST_C10_MAIN_FLOOR_EAST_RETAINED""]},{""object"":""GUEST_L1_NORTH_STONE_SPINE_pier_end"",""axis"":""Z"",""side"":""max"",""coordinate_m"":10.527250289916992,""point_m"":[6.192680358886719,40.692840576171875,10.527250289916992],""evaluated_vertex_ids"":[30,36,43,50],""representative_vertex_id"":30,""selected_objects"":[""GUEST_L1_NORTH_STONE_SPINE_pier_end""]}]",Existing individually reviewed source anchor,True,2.1272506713867188,2.1272506713867188,,dimensions12-integration12a-central44.json
GUEST_POOL_TOP,HABS PA-5346-A sheet4 original TIFF,2 ft 3.75 in,feet/inches,0.70485,"Actual selected mesh top Z minus actual guest main slab top Z. This is a local guest datum, not a measured cross-building height.",0.00635,0.00635,,,0.7048501968383789,1.968383789296979e-07,"A; C source-to-mesh correspondence, unless noted",PASS,PASS,0.02,False,GUEST,elevation,50e0a8fc0bab10fdec0e0b9d26c4ef4a4c71fa56aea6401e75197787c8c0e75a,"[{""object"":""GUEST_C10_MAIN_FLOOR_EAST_RETAINED"",""axis"":""Z"",""side"":""max"",""coordinate_m"":8.399999618530273,""point_m"":[9.864879608154297,35.94015884399414,8.399999618530273],""evaluated_vertex_ids"":[4,5,6,7],""representative_vertex_id"":4,""selected_objects"":[""GUEST_C10_MAIN_FLOOR_EAST_RETAINED""]},{""object"":""GUEST_POOL_coping_00"",""axis"":""Z"",""side"":""max"",""coordinate_m"":9.104849815368652,""point_m"":[32.596378326416016,36.39604187011719,9.104849815368652],""evaluated_vertex_ids"":[4,5,6,7],""representative_vertex_id"":4,""selected_objects"":[""GUEST_POOL_coping_00"",""GUEST_POOL_coping_01"",""GUEST_POOL_coping_02"",""GUEST_POOL_coping_03"",""GUEST_POOL_coping_04"",""GUEST_POOL_coping_05"",""GUEST_POOL_coping_06"",""GUEST_POOL_coping_07"",""GUEST_POOL_coping_08"",""GUEST_POOL_coping_09"",""GUEST_POOL_coping_10"",""GUEST_POOL_coping_11"",""GUEST_POOL_coping_12"",""GUEST_POOL_coping_17"",""GUEST_POOL_coping_18"",""GUEST_POOL_coping_19"",""GUEST_POOL_coping_20"",""GUEST_POOL_coping_21"",""GUEST_POOL_coping_22"",""GUEST_POOL_coping_23"",""GUEST_POOL_coping_24"",""GUEST_POOL_coping_25"",""GUEST_POOL_coping_26"",""GUEST_POOL_coping_27"",""GUEST_POOL_coping_28"",""GUEST_POOL_coping_29"",""GUEST_POOL_coping_30"",""GUEST_POOL_coping_31"",""GUEST_POOL_coping_32"",""GUEST_POOL_coping_33"",""GUEST_POOL_coping_34"",""GUEST_POOL_coping_35""]}]",Existing individually reviewed source anchor,True,0.7048501968383789,0.7048501968383789,,dimensions12-integration12a-central44.json
GUEST_LAUNDRY_STAIR_CLEAR,HABS PA-5346-A sheet 1 original TIFF,2 ft 5 in,feet/inches,0.7366,72 fresh opposed-ray stations to visible laundry structural/rough-stone faces and the outer stair wall. One connection anchor; repeated stations are not separate anchors or a global continuous minimum proof.,,,,qa/guest-stair-wall08-review.md,0.7398412227630615,0.003241222763061491,A; Independently verified nominal target: EXPLICIT_EXTENSION_LINES_OPPOSING_VISIBLE_FACES; nominal rough-face position C,PASS,PASS,0.02,,GUEST,connections,50e0a8fc0bab10fdec0e0b9d26c4ef4a4c71fa56aea6401e75197787c8c0e75a,"[{""object"":""GUEST_LAYERED_SANDSTONE_COURSES"",""point_m"":[1.422858715057373,39.4724006652832,7.549999713897705],""normal"":[1.0,0.0,0.0],""evaluated_face_index"":42189,""evaluated_face_vertex_ids"":[56250,56251,56255,56254],""ray_origin_m"":[1.7759000059999999,39.4724,7.549999618530274],""ray_direction"":[-1,0,0],""ray_distance_m"":0.35304126143455505,""selected_objects"":[""GUEST_B1_BASE_EAST_pier_end"",""GUEST_LAUNDRY_DESCENT_outer_retaining_wall"",""GUEST_LAYERED_SANDSTONE_COURSES""]},{""object"":""GUEST_LAUNDRY_DESCENT_outer_retaining_wall"",""point_m"":[2.1626999378204346,39.4724006652832,7.549999713897705],""normal"":[-1.0,3.419095762069446e-08,0.0],""evaluated_face_index"":11,""evaluated_face_vertex_ids"":[10,11,39,66,1,76],""ray_origin_m"":[1.7759000059999999,39.4724,7.549999618530274],""ray_direction"":[1,0,0],""ray_distance_m"":0.3867999315261841,""selected_objects"":[""GUEST_B1_BASE_EAST_pier_end"",""GUEST_LAUNDRY_DESCENT_outer_retaining_wall"",""GUEST_LAYERED_SANDSTONE_COURSES""]}]",Existing individually reviewed source anchor,True,0.7398412227630615,0.7398412227630615,0.014556128120422396,dimensions12-integration12a-central44.json
MAIN10_L2_WEST_TERRACE_X,HABS PA-5346 sheet05,28 ft 11 1/4 in,feet/inches,8.82015,"Actual evaluated triangles, face normals and9 repeated stations per available anchor. No object dimensions or bounding-box span.",,,,,8.820149898529053,-1.0147094720025507e-07,A printed nominal; C placement/mapping to unchanged HABS printed face identity,PASS,PASS,0.04410075,,MAIN,plan_span,50e0a8fc0bab10fdec0e0b9d26c4ef4a4c71fa56aea6401e75197787c8c0e75a,"{""station_index"":0,""ray_a"":{""selector"":""MAIN_L2_west_parapet_0"",""origin_m"":[-20,13.9,3.0],""direction"":[1,0,0],""maximum_distance_m"":50,""hit"":{""object"":""MAIN_L2_west_parapet_0"",""evaluated_triangle_index"":796,""evaluated_polygon_index"":398,""point_m"":[-13.294549942016602,13.899999618530273,3.0],""normal"":[-1.0,-0.0,-0.0],""distance_m"":6.705450057983398},""expected_face_normal"":[-1,0,0],""normal_matches"":true},""ray_b"":{""selector"":""MAIN_L2_dressing_shell_middle"",""origin_m"":[-10,13.9,3.0],""direction"":[1,0,0],""maximum_distance_m"":50,""hit"":{""object"":""MAIN_L2_dressing_shell_middle"",""evaluated_triangle_index"":100,""evaluated_polygon_index"":50,""point_m"":[-4.474399566650391,13.899999618530273,3.0],""normal"":[-1.0,0.0,0.0],""distance_m"":5.525600433349609},""expected_face_normal"":[-1,0,0],""normal_matches"":true},""actual_span_m"":8.820150375366211,""signed_error_m"":3.7536621100286993e-07,""status"":""PASS""}","['West terrace OUTER west parapet face', 'Dressing stone WEST face']",True,8.820149421691895,8.820150375366211,5.783081054033801e-07,dimensions12-integration12a-four.json
MAIN10_L2_WEST_TERRACE_Y,HABS PA-5346 sheet05,17 ft 6 3/8 in,feet/inches,5.343525,"Actual evaluated triangles, face normals and9 repeated stations per available anchor. No object dimensions or bounding-box span.",,,,,5.3435258865356445,8.865356448950479e-07,A printed nominal; C placement/mapping to unchanged HABS printed face identity,PASS,PASS,0.026717625,,MAIN,plan_span,50e0a8fc0bab10fdec0e0b9d26c4ef4a4c71fa56aea6401e75197787c8c0e75a,"{""station_index"":0,""ray_a"":{""selector"":""MAIN_L2_west_parapet_0"",""origin_m"":[-12.2,25,2.95],""direction"":[0,-1,0],""maximum_distance_m"":50,""hit"":{""object"":""MAIN_L2_west_parapet_0"",""evaluated_triangle_index"":840,""evaluated_polygon_index"":420,""point_m"":[-12.199999809265137,17.871326446533203,2.950000047683716],""normal"":[0.0,1.0,0.0],""distance_m"":7.128673553466797},""expected_face_normal"":[0,1,0],""normal_matches"":true},""ray_b"":{""selector"":""MAIN_L2_west_parapet_0"",""origin_m"":[-12.2,8,2.95],""direction"":[0,1,0],""maximum_distance_m"":50,""hit"":{""object"":""MAIN_L2_west_parapet_0"",""evaluated_triangle_index"":801,""evaluated_polygon_index"":400,""point_m"":[-12.199999809265137,12.527800559997559,2.950000047683716],""normal"":[0.0,-1.0,-0.0],""distance_m"":4.527800559997559},""expected_face_normal"":[0,-1,0],""normal_matches"":true},""actual_span_m"":5.3435258865356445,""signed_error_m"":8.865356448950479e-07,""status"":""PASS""}","['West terrace NORTH OUTER parapet face', 'West terrace SOUTH OUTER parapet face']",True,5.3435258865356445,5.3435258865356445,8.865356448950479e-07,dimensions12-integration12a-four.json
MAIN10_L2_SOUTH_TERRACE_X,HABS PA-5346 sheet05,25 ft 5 1/4 in,feet/inches,7.753349999999999,"Actual evaluated triangles, face normals and9 repeated stations per available anchor. No object dimensions or bounding-box span.",,,,,7.753350734710693,7.347106940613912e-07,A printed nominal; C placement/mapping to unchanged HABS printed face identity,PASS,PASS,0.038766749999999996,,MAIN,plan_span,50e0a8fc0bab10fdec0e0b9d26c4ef4a4c71fa56aea6401e75197787c8c0e75a,"{""station_index"":0,""ray_a"":{""selector"":""MAIN_L2_south_parapet_0"",""origin_m"":[-5,-1.25,2.98],""direction"":[1,0,0],""maximum_distance_m"":50,""hit"":{""object"":""MAIN_L2_south_parapet_0"",""evaluated_triangle_index"":682,""evaluated_polygon_index"":341,""point_m"":[-0.5916004180908203,-1.25,2.9800000190734863],""normal"":[-0.9999999403953552,-0.0,-0.0],""distance_m"":4.40839958190918},""expected_face_normal"":[-1,0,0],""normal_matches"":true},""ray_b"":{""selector"":""MAIN_L2_south_parapet_0"",""origin_m"":[15,-1.25,2.98],""direction"":[-1,0,0],""maximum_distance_m"":50,""hit"":{""object"":""MAIN_L2_south_parapet_0"",""evaluated_triangle_index"":721,""evaluated_polygon_index"":360,""point_m"":[7.1617512702941895,-1.25,2.9800000190734863],""normal"":[0.9999999403953552,-0.0,0.0],""distance_m"":7.8382487297058105},""expected_face_normal"":[1,0,0],""normal_matches"":true},""actual_span_m"":7.75335168838501,""signed_error_m"":1.6883850104676412e-06,""status"":""PASS""}","['South terrace WEST OUTER parapet face', 'South terrace EAST OUTER parapet face']",True,7.753349304199219,7.75335168838501,1.6883850104676412e-06,dimensions12-integration12a-four.json
SOURCE08_MAIN_BRIDGE_SOUTH_STONE_GAP,HABS PA-5346 sheet04,13 ft 3 in,feet/inches,4.0386,"Actual evaluated triangles, face normals and9 repeated stations per available anchor. No object dimensions or bounding-box span.",,,,,4.038599014282227,-9.857177731831257e-07,A printed nominal; C placement/mapping to unchanged HABS printed face identity,PASS,PASS,0.020193,,MAIN,site,50e0a8fc0bab10fdec0e0b9d26c4ef4a4c71fa56aea6401e75197787c8c0e75a,"{""station_index"":0,""ray_a"":{""selector"":""SITE_Bridge10_Stone_Return_SW"",""origin_m"":[27.44974,-2.95,0.1],""direction"":[-1,0,0],""maximum_distance_m"":50,""hit"":{""object"":""SITE_Bridge10_Stone_Return_SW"",""evaluated_triangle_index"":169,""evaluated_polygon_index"":142,""point_m"":[25.43044090270996,-2.950000047683716,0.10000000149011612],""normal"":[1.0,-0.0,0.0],""distance_m"":2.019298553466797},""expected_face_normal"":[1,0,0],""normal_matches"":true},""ray_b"":{""selector"":""SITE_Bridge10_Stone_Return_SE"",""origin_m"":[27.44974,-2.95,0.1],""direction"":[1,0,0],""maximum_distance_m"":50,""hit"":{""object"":""SITE_Bridge10_Stone_Return_SE"",""evaluated_triangle_index"":176,""evaluated_polygon_index"":142,""point_m"":[29.469039916992188,-2.950000047683716,0.10000000149011612],""normal"":[-0.9999999403953552,0.0,0.0],""distance_m"":2.0193002223968506},""expected_face_normal"":[-1,0,0],""normal_matches"":true},""actual_span_m"":4.038599014282227,""signed_error_m"":-9.857177731831257e-07,""status"":""PASS""}","['Southwest stone return INWARD vertical end face', 'Southeast stone return INWARD vertical end face']",True,4.038599014282227,4.038599014282227,9.857177731831257e-07,dimensions12-integration12a-four.json
GUEST10_THEATER_NORTH_BAY,HABS PA-5346-A sheet1 original TIFF,8 ft1 7/8 in,feet/inches,2.486025,2556 opposed source-axis ray pairs to actual evaluated visible stone and backing triangles; every sample must satisfy original20mm.,,,,,2.4856940507888794,-0.0003309492111207568,A printed8ft1 7/8in; source review independently identifies whole architectural bay faces; C source-to-mesh XY registration; actual exposed backing and rough-stone finish both included. Stone relief/allocation C.,PASS,PASS,0.02,,GUEST,openings,50e0a8fc0bab10fdec0e0b9d26c4ef4a4c71fa56aea6401e75197787c8c0e75a,"[{""object"":""GUEST_LAYERED_SANDSTONE_COURSES"",""point_m"":[-3.622730016708374,52.6778678894043,8.420000076293945],""normal"":[0.5005693435668945,-0.865696370601654,0.0],""evaluated_triangle_index"":54218,""evaluated_polygon_index"":27109,""evaluated_triangle_vertices_m"":[[-3.66603946685791,52.65282440185547,8.407999992370605],[-3.4279191493988037,52.79051208496094,8.407999992370605],[-3.4279191493988037,52.79051208496094,8.553133964538574]],""distance_m"":1.25925874710083,""front_facing"":true},{""object"":""GUEST_LAYERED_SANDSTONE_COURSES"",""point_m"":[-2.3730409145355225,50.538639068603516,8.420000076293945],""normal"":[-0.5044113397598267,0.8634634017944336,0.0],""evaluated_triangle_index"":73290,""evaluated_polygon_index"":36645,""evaluated_triangle_vertices_m"":[[-2.0913262367248535,50.703208923339844,8.407999992370605],[-2.9024417400360107,50.22937774658203,8.407999992370605],[-2.9024417400360107,50.22937774658203,8.53003978729248]],""distance_m"":1.2182437181472778,""front_facing"":true}]","One whole architectural opening, not clear single-door width. Median is display only; acceptance uses every sample. Repeated stations do not create anchors.",True,2.4699841141700745,2.502110540866852,0.016085540866851655,dimensions12-integration12a-extra.json
MAIN_TOWER_CONTINUOUS_COPING_RELATIVE_MAIN_TERRACE,"HABS PA-5346 sheet10, SECTION LOOKING WEST",MAIN TOWER32ft9 1/2in / MAIN LEVEL TERRACE0ft0in,feet/inches,9.9949,Actual upward planar evaluated cap faces minus actual west terrace finish face; east finish agreement verified independently.,,,,,9.994900062680244,6.268024499433977e-08,A: independently read printed32ft9 1/2in and0ft0in; C graphic witness to continuous coping upper silhouette and model cap identity. Actual visible terrace finish datum explicitly selected; raised flues excluded.,PASS,PASS,0.0499745,,MAIN,elevation,50e0a8fc0bab10fdec0e0b9d26c4ef4a4c71fa56aea6401e75197787c8c0e75a,"[{""object"":""MAIN_L1_TERRACE_W_finish"",""evaluated_polygon_index"":1,""evaluated_vertex_ids"":[4,5,6,7],""world_vertices_m"":[[-4.611199855804443,0.10620000213384628,0.02199999988079071],[-0.15719999372959137,0.10620000213384628,0.02199999988079071],[-0.15719999372959137,4.460400104522705,0.02199999988079071],[-4.611199855804443,4.460400104522705,0.02199999988079071]],""normal"":[0.0,0.0,1.0],""center_m"":[-2.384199857711792,2.2832999229431152,0.02199999988079071],""z_m"":0.02199999988079071},{""object"":""MAIN_chimney_cap"",""evaluated_polygon_index"":1,""evaluated_vertex_ids"":[4,5,6,7],""world_vertices_m"":[[-1.1003999710083008,8.283599853515625,10.016900062561035],[0.41920000314712524,8.283599853515625,10.016900062561035],[0.41920000314712524,11.682000160217285,10.016900062561035],[-1.1003999710083008,11.682000160217285,10.016900062561035]],""normal"":[0.0,0.0,1.0],""center_m"":[-0.34059998393058777,9.982799530029297,10.016900062561035],""z_m"":10.016900062561035}]","One relative height. Existing central level3/roof rows use structural zero;22mm mixed convention remains disclosed, not silently corrected. Cap/outlet form remains C/U and is not visually accepted by a nominal height PASS.",True,9.994900062680244,9.994900062680244,6.268024499433977e-08,dimensions12-integration12a-extra.json
