component_id,source,original,original_unit,meters,method,uncertainty_m,source_recorded_uncertainty_m,survey_absolute_accuracy_m,nominal_target_review,model_m,difference_m,evidence,numeric_result,standard_result,tolerance_m,source_precision_exceeds_tolerance,building,feature_category,scene_sha256,mesh_selector_evidence,notes
MAIN_CHAIN_TOTAL,HABS PA-5346 sheet 04,120 ft 4.25 in,feet/inches,36.68395,NOT_RUN,0.1,0.1,,,,,"A label; C source-to-mesh correspondence, unless noted",NOT_RUN,NOT_RUN,0.18341975000000002,False,MAIN,plan_span,489b05e403aa9d02c3568a8e3813a24235ee5b7e782df4d1f149b3ff6673e331,[],The chain reaches the far bridge/retaining edge outside the main-house module; its westmost extension is an outside paving/rock station with no named matching main mesh. Full-scene presence alone does not establish source endpoint identity.
MAIN_CHAIN_01,HABS PA-5346 sheet 04,9 ft 7.25 in,feet/inches,2.92735,NOT_RUN,0.1,0.1,,,,,"A label; C source-to-mesh correspondence, unless noted",NOT_RUN,NOT_RUN,0.02,True,MAIN,plan_span,489b05e403aa9d02c3568a8e3813a24235ee5b7e782df4d1f149b3ff6673e331,[],The west pair of dimension extension lines refer to exterior paving/retaining stations; these are not explicit named main-house mesh boundaries. Full-scene presence alone does not establish source endpoint identity.
MAIN_CHAIN_02,HABS PA-5346 sheet 04,7 ft 8.5 in,feet/inches,2.3495,NOT_RUN,0.07,0.07,,,,,"A label; C source-to-mesh correspondence, unless noted",NOT_RUN,NOT_RUN,0.02,True,MAIN,plan_span,489b05e403aa9d02c3568a8e3813a24235ee5b7e782df4d1f149b3ff6673e331,[],The west extension station at source x=284 has no unambiguous named main-house boundary; cannot independently pair it with the spine face. Full-scene presence alone does not establish source endpoint identity.
MAIN_CHAIN_03,HABS PA-5346 sheet 04,11 ft,feet/inches,3.3528000000000002,Actual evaluated east outer faces of two north masonry returns; original TIFF extension lines establish the correspondence.,0.01,0.01,,,3.3527998998761177,-1.0012388251823268e-07,"A label; C source-to-mesh correspondence, unless noted",PASS,PASS,0.02,False,MAIN,plan_span,489b05e403aa9d02c3568a8e3813a24235ee5b7e782df4d1f149b3ff6673e331,"[{""object"":""MAIN_L1_north_spine_1"",""axis"":""X"",""side"":""max"",""coordinate_m"":0.06780003756284714,""point_m"":[0.06780003756284714,16.719499588012695,0.10699999332427979],""evaluated_vertex_ids"":[14,22,42,51],""representative_vertex_id"":22,""selected_objects"":[""MAIN_L1_north_spine_1""]},{""object"":""MAIN_L1_north_spine_3"",""axis"":""X"",""side"":""max"",""coordinate_m"":3.420599937438965,""point_m"":[3.420599937438965,14.184700012207031,0.10699999332427979],""evaluated_vertex_ids"":[14,22,42,51],""representative_vertex_id"":14,""selected_objects"":[""MAIN_L1_north_spine_3""]}]",Numeric mesh comparison only; see category coverage and source precision in audit report.
MAIN_CHAIN_04,HABS PA-5346 sheet 04,24 ft 6 in,feet/inches,7.467600000000001,NOT_RUN,0.09,0.09,,,,,"A label; C source-to-mesh correspondence, unless noted",NOT_RUN,NOT_RUN,0.037338,True,MAIN,plan_span,489b05e403aa9d02c3568a8e3813a24235ee5b7e782df4d1f149b3ff6673e331,[],The east extension at source x=535 meets the loggia/entry terrace transition; the exact referenced face versus paving station is not established in the current main mesh. Full-scene presence alone does not establish source endpoint identity.
MAIN_CHAIN_05,HABS PA-5346 sheet 04,11 ft 8 in,feet/inches,3.556,NOT_RUN,0.08,0.08,,,,,"A label; C source-to-mesh correspondence, unless noted",NOT_RUN,NOT_RUN,0.02,True,MAIN,plan_span,489b05e403aa9d02c3568a8e3813a24235ee5b7e782df4d1f149b3ff6673e331,[],The two loggia/paving extension stations are not independently mapped to modeled outer faces; the traced floor boundary alone cannot certify the label. Full-scene presence alone does not establish source endpoint identity.
MAIN_CHAIN_06,HABS PA-5346 sheet 04,17 ft 9 in,feet/inches,5.410200000000001,NOT_RUN,0.08,0.08,,,,,"A label; C source-to-mesh correspondence, unless noted",NOT_RUN,NOT_RUN,0.027051000000000002,True,MAIN,plan_span,489b05e403aa9d02c3568a8e3813a24235ee5b7e782df4d1f149b3ff6673e331,[],"The dimension crosses the loggia/stair/retaining transition; top landing, retaining wall and paving have different physical ends and the label-to-face match is unresolved. Full-scene presence alone does not establish source endpoint identity."
MAIN_CHAIN_07,HABS PA-5346 sheet 04,13 ft 9 in,feet/inches,4.191,NOT_RUN,0.09,0.09,,,,,"A label; C source-to-mesh correspondence, unless noted",NOT_RUN,NOT_RUN,0.020954999999999998,True,MAIN,plan_span,489b05e403aa9d02c3568a8e3813a24235ee5b7e782df4d1f149b3ff6673e331,[],"This span includes the bridge approach, built by the site module; main-only scene lacks the east surveyed station. Full-scene presence alone does not establish source endpoint identity."
MAIN_CHAIN_08,HABS PA-5346 sheet 04,22 ft 5.5 in,feet/inches,6.845300000000001,NOT_RUN,0.09,0.09,,,,,"A label; C source-to-mesh correspondence, unless noted",NOT_RUN,NOT_RUN,0.03422650000000001,True,MAIN,plan_span,489b05e403aa9d02c3568a8e3813a24235ee5b7e782df4d1f149b3ff6673e331,[],This bridge/site span is outside the main-house module; no actual main mesh can supply both ends. Full-scene presence alone does not establish source endpoint identity.
MAIN_CHAIN_09,HABS PA-5346 sheet 04,1 ft 11 in,feet/inches,0.5842,NOT_RUN,0.07,0.07,,,,,"A label; C source-to-mesh correspondence, unless noted",NOT_RUN,NOT_RUN,0.02,True,MAIN,plan_span,489b05e403aa9d02c3568a8e3813a24235ee5b7e782df4d1f149b3ff6673e331,[],The final bridge/retaining-edge span is outside the main-house module. Full-scene presence alone does not establish source endpoint identity.
MAIN_VERTICAL_TOTAL,HABS PA-5346 sheet 04,54 ft 9.75 in,feet/inches,16.70685,NOT_RUN,0.1,0.1,,,,,"A label; C source-to-mesh correspondence, unless noted",NOT_RUN,NOT_RUN,0.08353425,True,MAIN,plan_span,489b05e403aa9d02c3568a8e3813a24235ee5b7e782df4d1f149b3ff6673e331,[],"South parapet exterior is modeled, but the north source y=229 extension face at the servant/service entry is not resolved between open entry paving, room floor and wall; do not substitute nearest vertices. Full-scene presence alone does not establish source endpoint identity."
MAIN_LIVING_NOMINAL_LENGTH,HABS PA-5346 sheet 04,48 ft,feet/inches,14.630400000000002,NOT_RUN,0.15,0.15,,,,,"A label; C source-to-mesh correspondence, unless noted",NOT_RUN,NOT_RUN,0.07315200000000001,True,MAIN,plan_span,489b05e403aa9d02c3568a8e3813a24235ee5b7e782df4d1f149b3ff6673e331,[],"Actual mesh bounding span is diagnostic only. The original label has no extension lines resolving which stepped wall, cabinet recess or net/gross boundary it measures. No claim of label-to-mesh conformity is made from a bounding box. Full-scene presence alone does not establish source endpoint identity."
MAIN_LIVING_NOMINAL_WIDTH,HABS PA-5346 sheet 04,33 ft 8 in,feet/inches,10.261600000000001,NOT_RUN,0.15,0.15,,,,,"A label; C source-to-mesh correspondence, unless noted",NOT_RUN,NOT_RUN,0.051308000000000006,True,MAIN,plan_span,489b05e403aa9d02c3568a8e3813a24235ee5b7e782df4d1f149b3ff6673e331,[],"Actual mesh bounding span is diagnostic only. The original label has no extension lines resolving which stepped wall, cabinet recess or net/gross boundary it measures. No claim of label-to-mesh conformity is made from a bounding box. Full-scene presence alone does not establish source endpoint identity."
MAIN_KITCHEN_NOMINAL_LENGTH,HABS PA-5346 sheet 04,15 ft 9 in,feet/inches,4.8006,NOT_RUN,0.1,0.1,,,,,"A label; C source-to-mesh correspondence, unless noted",NOT_RUN,NOT_RUN,0.024003,True,MAIN,plan_span,489b05e403aa9d02c3568a8e3813a24235ee5b7e782df4d1f149b3ff6673e331,[],"Actual mesh bounding span is diagnostic only. The original label has no extension lines resolving which stepped wall, cabinet recess or net/gross boundary it measures. No claim of label-to-mesh conformity is made from a bounding box. Full-scene presence alone does not establish source endpoint identity."
MAIN_KITCHEN_NOMINAL_WIDTH,HABS PA-5346 sheet 04,12 ft,feet/inches,3.6576000000000004,NOT_RUN,0.1,0.1,,,,,"A label; C source-to-mesh correspondence, unless noted",NOT_RUN,NOT_RUN,0.02,True,MAIN,plan_span,489b05e403aa9d02c3568a8e3813a24235ee5b7e782df4d1f149b3ff6673e331,[],"Actual mesh bounding span is diagnostic only. The original label has no extension lines resolving which stepped wall, cabinet recess or net/gross boundary it measures. No claim of label-to-mesh conformity is made from a bounding box. Full-scene presence alone does not establish source endpoint identity."
MAIN_SERVANT_NOMINAL_LENGTH,HABS PA-5346 sheet 04,11 ft 5 in,feet/inches,3.4798,NOT_RUN,0.1,0.1,,,,,"A label; C source-to-mesh correspondence, unless noted",NOT_RUN,NOT_RUN,0.02,True,MAIN,plan_span,489b05e403aa9d02c3568a8e3813a24235ee5b7e782df4d1f149b3ff6673e331,[],"Actual mesh bounding span is diagnostic only. The original label has no extension lines resolving which stepped wall, cabinet recess or net/gross boundary it measures. No claim of label-to-mesh conformity is made from a bounding box. Full-scene presence alone does not establish source endpoint identity."
MAIN_SERVANT_NOMINAL_WIDTH,HABS PA-5346 sheet 04,9 ft 4 in,feet/inches,2.8448,NOT_RUN,0.1,0.1,,,,,"A label; C source-to-mesh correspondence, unless noted",NOT_RUN,NOT_RUN,0.02,True,MAIN,plan_span,489b05e403aa9d02c3568a8e3813a24235ee5b7e782df4d1f149b3ff6673e331,[],"Actual mesh bounding span is diagnostic only. The original label has no extension lines resolving which stepped wall, cabinet recess or net/gross boundary it measures. No claim of label-to-mesh conformity is made from a bounding box. Full-scene presence alone does not establish source endpoint identity."
MAIN_LEVEL_2,HABS PA-5346 sheet 10,9 ft 4 in,feet/inches,2.8448,Actual evaluated finished terrace top Z difference. Both finish elevations are remeasured; no assumed cancellation of historic finish thicknesses.,,0.025,,qa/dimension-precision07-review.json,2.8448000699281693,6.99281690330622e-08,A label; Independently verified nominal target: VERIFIED_RELATIVE_FINISHED_TERRACE_DATUMS,PASS,PASS,0.02,,MAIN,elevation,489b05e403aa9d02c3568a8e3813a24235ee5b7e782df4d1f149b3ff6673e331,"[{""object"":""MAIN_L1_TERRACE_W_finish"",""axis"":""Z"",""side"":""max"",""coordinate_m"":0.02199999988079071,""point_m"":[-4.611199855804443,0.10620000213384628,0.02199999988079071],""evaluated_vertex_ids"":[4,5,6,7],""representative_vertex_id"":4,""selected_objects"":[""MAIN_L1_TERRACE_W_finish""]},{""object"":""MAIN_L2_TERRACE_S_finish"",""axis"":""Z"",""side"":""max"",""coordinate_m"":2.86680006980896,""point_m"":[-0.2619999945163727,-1.9646999835968018,2.86680006980896],""evaluated_vertex_ids"":[4,5,6,7],""representative_vertex_id"":4,""selected_objects"":[""MAIN_L2_TERRACE_S_finish""]}]",Verified nominal drawing-target comparison; absolute survey accuracy UNKNOWN.
MAIN_LEVEL_3,HABS PA-5346 sheet 10,17 ft 3.25 in,feet/inches,5.264150000000001,Actual slab top Z difference from actual main terrace datum slab; no finish thickness substituted.,0.025,0.025,,,5.264150142669678,1.426696769613045e-07,"A label; C source-to-mesh correspondence, unless noted",PASS,PASS,0.026320750000000004,False,MAIN,elevation,489b05e403aa9d02c3568a8e3813a24235ee5b7e782df4d1f149b3ff6673e331,"[{""object"":""MAIN_L1_TERRACE_W_slab"",""axis"":""Z"",""side"":""max"",""coordinate_m"":0.0,""point_m"":[-4.611199855804443,0.10620000213384628,0.0],""evaluated_vertex_ids"":[4,5,6,7],""representative_vertex_id"":4,""selected_objects"":[""MAIN_L1_TERRACE_W_slab""]},{""object"":""MAIN_L3_TERRACE_slab"",""axis"":""Z"",""side"":""max"",""coordinate_m"":5.264150142669678,""point_m"":[0.3668000102043152,8.549099922180176,5.264150142669678],""evaluated_vertex_ids"":[10,11,12,13,14,15,16,17,18,19],""representative_vertex_id"":10,""selected_objects"":[""MAIN_L3_TERRACE_slab""]}]",Numeric mesh comparison only; see category coverage and source precision in audit report.
MAIN_ROOF_EAST,HABS PA-5346 sheet 10,24 ft 7.375 in,feet/inches,7.502525000000001,Actual slab top Z difference from actual main terrace datum slab; no finish thickness substituted.,0.035,0.035,,,7.5025248527526855,-1.4724731567383742e-07,"A label; C source-to-mesh correspondence, unless noted",PASS,PASS,0.03751262500000001,False,MAIN,elevation,489b05e403aa9d02c3568a8e3813a24235ee5b7e782df4d1f149b3ff6673e331,"[{""object"":""MAIN_L1_TERRACE_W_slab"",""axis"":""Z"",""side"":""max"",""coordinate_m"":0.0,""point_m"":[-4.611199855804443,0.10620000213384628,0.0],""evaluated_vertex_ids"":[4,5,6,7],""representative_vertex_id"":4,""selected_objects"":[""MAIN_L1_TERRACE_W_slab""]},{""object"":""MAIN_L3_gallery_roof"",""axis"":""Z"",""side"":""max"",""coordinate_m"":7.5025248527526855,""point_m"":[0.3160560131072998,13.489300727844238,7.5025248527526855],""evaluated_vertex_ids"":[154,173,192,211,230,249,268,286],""representative_vertex_id"":154,""selected_objects"":[""MAIN_L3_gallery_roof""]}]",Numeric mesh comparison only; see category coverage and source precision in audit report.
MAIN_ROOF_WEST,HABS PA-5346 sheet 10,24 ft 11.75 in,feet/inches,7.613650000000001,Actual slab top Z difference from actual main terrace datum slab; no finish thickness substituted.,0.035,0.035,,,7.613649845123291,-1.548767096792858e-07,"A label; C source-to-mesh correspondence, unless noted",PASS,PASS,0.038068250000000005,False,MAIN,elevation,489b05e403aa9d02c3568a8e3813a24235ee5b7e782df4d1f149b3ff6673e331,"[{""object"":""MAIN_L1_TERRACE_W_slab"",""axis"":""Z"",""side"":""max"",""coordinate_m"":0.0,""point_m"":[-4.611199855804443,0.10620000213384628,0.0],""evaluated_vertex_ids"":[4,5,6,7],""representative_vertex_id"":4,""selected_objects"":[""MAIN_L1_TERRACE_W_slab""]},{""object"":""MAIN_L3_study_roof"",""axis"":""Z"",""side"":""max"",""coordinate_m"":7.613649845123291,""point_m"":[-4.451400279998779,10.940500259399414,7.613649845123291],""evaluated_vertex_ids"":[78,97,116,134],""representative_vertex_id"":78,""selected_objects"":[""MAIN_L3_study_roof""]}]",Numeric mesh comparison only; see category coverage and source precision in audit report.
GUEST_THEATER_LENGTH,HABS PA-5346-A sheet 1 original TIFF,27 ft 9 in,feet/inches,8.4582,NOT_RUN,0.0254,0.0254,,,,,"A label; C source-to-mesh correspondence, unless noted",NOT_RUN,NOT_RUN,0.042291,False,GUEST,plan_span,489b05e403aa9d02c3568a8e3813a24235ee5b7e782df4d1f149b3ff6673e331,[],"NOT_RUN: Nominal27′9×19′5 is printed inside a skew, recessed theater. Neither dimension is drawn with explicit endpoints; true door recess and nonparallel walls make world-axis extent an invalid substitute. Full-scene presence alone does not establish source endpoint identity."
GUEST_THEATER_DEPTH,HABS PA-5346-A sheet 1 original TIFF,19 ft 5 in,feet/inches,5.9182,NOT_RUN,0.0254,0.0254,,,,,"A label; C source-to-mesh correspondence, unless noted",NOT_RUN,NOT_RUN,0.029591,False,GUEST,plan_span,489b05e403aa9d02c3568a8e3813a24235ee5b7e782df4d1f149b3ff6673e331,[],NOT_RUN: Same nonrectangular theater endpoint ambiguity; no independent source principal-axis endpoint correspondence has been established. Full-scene presence alone does not establish source endpoint identity.
GUEST_POOL_LENGTH,HABS PA-5346-A sheet 1 original TIFF,30 ft 1 in,feet/inches,9.1694,Opposed rays to actual pool inner shell faces below water skin. Pool is not counted as a building door/window opening.,0.0254,0.0254,,,9.16939926147461,-7.38525390175937e-07,A label; A clear inner-shell correspondence to printed pool dimensions,PASS,PASS,0.045847,False,GUEST,pool,489b05e403aa9d02c3568a8e3813a24235ee5b7e782df4d1f149b3ff6673e331,"[{""object"":""GUEST_POOL_shell_17"",""point_m"":[23.203140258789062,34.964839935302734,8.399999618530273],""normal"":[1.0,-4.6645305928905145e-07,0.0],""evaluated_face_index"":4,""evaluated_face_vertex_ids"":[7,5,2,3,11,10],""ray_origin_m"":[27.787839889526367,34.964839935302734,8.399999618530273],""ray_direction"":[-1,0,0],""ray_distance_m"":4.584699630737305,""selected_objects"":[""GUEST_POOL_shell_00"",""GUEST_POOL_shell_01"",""GUEST_POOL_shell_02"",""GUEST_POOL_shell_03"",""GUEST_POOL_shell_04"",""GUEST_POOL_shell_05"",""GUEST_POOL_shell_06"",""GUEST_POOL_shell_07"",""GUEST_POOL_shell_08"",""GUEST_POOL_shell_09"",""GUEST_POOL_shell_10"",""GUEST_POOL_shell_11"",""GUEST_POOL_shell_12"",""GUEST_POOL_shell_13"",""GUEST_POOL_shell_14"",""GUEST_POOL_shell_15"",""GUEST_POOL_shell_16"",""GUEST_POOL_shell_17"",""GUEST_POOL_shell_18"",""GUEST_POOL_shell_19"",""GUEST_POOL_shell_20"",""GUEST_POOL_shell_21"",""GUEST_POOL_shell_22"",""GUEST_POOL_shell_23"",""GUEST_POOL_shell_24"",""GUEST_POOL_shell_25"",""GUEST_POOL_shell_26"",""GUEST_POOL_shell_27"",""GUEST_POOL_shell_28"",""GUEST_POOL_shell_29"",""GUEST_POOL_shell_30"",""GUEST_POOL_shell_31"",""GUEST_POOL_shell_32"",""GUEST_POOL_shell_33"",""GUEST_POOL_shell_34"",""GUEST_POOL_shell_35""]},{""object"":""GUEST_POOL_shell_35"",""point_m"":[32.37253952026367,34.964839935302734,8.399999618530273],""normal"":[-1.0,0.0,0.0],""evaluated_face_index"":4,""evaluated_face_vertex_ids"":[2,3,7,6],""ray_origin_m"":[27.787839889526367,34.964839935302734,8.399999618530273],""ray_direction"":[1,0,0],""ray_distance_m"":4.584699630737305,""selected_objects"":[""GUEST_POOL_shell_00"",""GUEST_POOL_shell_01"",""GUEST_POOL_shell_02"",""GUEST_POOL_shell_03"",""GUEST_POOL_shell_04"",""GUEST_POOL_shell_05"",""GUEST_POOL_shell_06"",""GUEST_POOL_shell_07"",""GUEST_POOL_shell_08"",""GUEST_POOL_shell_09"",""GUEST_POOL_shell_10"",""GUEST_POOL_shell_11"",""GUEST_POOL_shell_12"",""GUEST_POOL_shell_13"",""GUEST_POOL_shell_14"",""GUEST_POOL_shell_15"",""GUEST_POOL_shell_16"",""GUEST_POOL_shell_17"",""GUEST_POOL_shell_18"",""GUEST_POOL_shell_19"",""GUEST_POOL_shell_20"",""GUEST_POOL_shell_21"",""GUEST_POOL_shell_22"",""GUEST_POOL_shell_23"",""GUEST_POOL_shell_24"",""GUEST_POOL_shell_25"",""GUEST_POOL_shell_26"",""GUEST_POOL_shell_27"",""GUEST_POOL_shell_28"",""GUEST_POOL_shell_29"",""GUEST_POOL_shell_30"",""GUEST_POOL_shell_31"",""GUEST_POOL_shell_32"",""GUEST_POOL_shell_33"",""GUEST_POOL_shell_34"",""GUEST_POOL_shell_35""]}]",Numeric mesh comparison only; see category coverage and source precision in audit report.
GUEST_POOL_WIDTH,HABS PA-5346-A sheet 1 original TIFF,13 ft 0 in,feet/inches,3.9624,Opposed rays to actual pool inner shell faces below water skin. Pool is not counted as a building door/window opening.,,0.0254,,qa/dimension-precision07-review.json,3.96240234375,2.34374999985576e-06,A label; Independently verified nominal target: VERIFIED_OPPOSED_INNER_SHELL_FACES,PASS,PASS,0.02,,GUEST,pool,489b05e403aa9d02c3568a8e3813a24235ee5b7e782df4d1f149b3ff6673e331,"[{""object"":""GUEST_POOL_shell_26"",""point_m"":[27.787839889526367,32.983638763427734,8.399999618530273],""normal"":[0.0,1.0,0.0],""evaluated_face_index"":4,""evaluated_face_vertex_ids"":[2,3,7,6],""ray_origin_m"":[27.787839889526367,34.964839935302734,8.399999618530273],""ray_direction"":[0,-1,0],""ray_distance_m"":1.981201171875,""selected_objects"":[""GUEST_POOL_shell_00"",""GUEST_POOL_shell_01"",""GUEST_POOL_shell_02"",""GUEST_POOL_shell_03"",""GUEST_POOL_shell_04"",""GUEST_POOL_shell_05"",""GUEST_POOL_shell_06"",""GUEST_POOL_shell_07"",""GUEST_POOL_shell_08"",""GUEST_POOL_shell_09"",""GUEST_POOL_shell_10"",""GUEST_POOL_shell_11"",""GUEST_POOL_shell_12"",""GUEST_POOL_shell_13"",""GUEST_POOL_shell_14"",""GUEST_POOL_shell_15"",""GUEST_POOL_shell_16"",""GUEST_POOL_shell_17"",""GUEST_POOL_shell_18"",""GUEST_POOL_shell_19"",""GUEST_POOL_shell_20"",""GUEST_POOL_shell_21"",""GUEST_POOL_shell_22"",""GUEST_POOL_shell_23"",""GUEST_POOL_shell_24"",""GUEST_POOL_shell_25"",""GUEST_POOL_shell_26"",""GUEST_POOL_shell_27"",""GUEST_POOL_shell_28"",""GUEST_POOL_shell_29"",""GUEST_POOL_shell_30"",""GUEST_POOL_shell_31"",""GUEST_POOL_shell_32"",""GUEST_POOL_shell_33"",""GUEST_POOL_shell_34"",""GUEST_POOL_shell_35""]},{""object"":""GUEST_POOL_shell_08"",""point_m"":[27.787839889526367,36.946041107177734,8.399999618530273],""normal"":[0.0,-1.0,0.0],""evaluated_face_index"":4,""evaluated_face_vertex_ids"":[12,2,4,7,9,13],""ray_origin_m"":[27.787839889526367,34.964839935302734,8.399999618530273],""ray_direction"":[0,1,0],""ray_distance_m"":1.9812012910842896,""selected_objects"":[""GUEST_POOL_shell_00"",""GUEST_POOL_shell_01"",""GUEST_POOL_shell_02"",""GUEST_POOL_shell_03"",""GUEST_POOL_shell_04"",""GUEST_POOL_shell_05"",""GUEST_POOL_shell_06"",""GUEST_POOL_shell_07"",""GUEST_POOL_shell_08"",""GUEST_POOL_shell_09"",""GUEST_POOL_shell_10"",""GUEST_POOL_shell_11"",""GUEST_POOL_shell_12"",""GUEST_POOL_shell_13"",""GUEST_POOL_shell_14"",""GUEST_POOL_shell_15"",""GUEST_POOL_shell_16"",""GUEST_POOL_shell_17"",""GUEST_POOL_shell_18"",""GUEST_POOL_shell_19"",""GUEST_POOL_shell_20"",""GUEST_POOL_shell_21"",""GUEST_POOL_shell_22"",""GUEST_POOL_shell_23"",""GUEST_POOL_shell_24"",""GUEST_POOL_shell_25"",""GUEST_POOL_shell_26"",""GUEST_POOL_shell_27"",""GUEST_POOL_shell_28"",""GUEST_POOL_shell_29"",""GUEST_POOL_shell_30"",""GUEST_POOL_shell_31"",""GUEST_POOL_shell_32"",""GUEST_POOL_shell_33"",""GUEST_POOL_shell_34"",""GUEST_POOL_shell_35""]}]",Verified nominal drawing-target comparison; absolute survey accuracy UNKNOWN.
GUEST_BOILER_DIM_1,HABS PA-5346-A sheet 1 original TIFF,4 ft 7 in,feet/inches,1.397,Opposed rays to named evaluated structural/lining faces. Drawing XY only seeds rays; ray intersections determine the measurement. Furnishings and decorative ashlar excluded.,0.0254,0.0254,,,1.3969955444335938,-4.45556640626954e-06,A label; C inferred room-label axis and finished-face interpretation from existing guest audit; not explicit surveyed extension endpoints.,PASS,SOURCE_PRECISION_LIMIT,0.02,True,GUEST,plan_span,489b05e403aa9d02c3568a8e3813a24235ee5b7e782df4d1f149b3ff6673e331,"[{""object"":""GUEST_L1_BOILER_SOUTH_pier_end"",""point_m"":[4.871679782867432,41.151283264160156,8.75],""normal"":[0.0,1.0,0.0],""evaluated_face_index"":52,""evaluated_face_vertex_ids"":[14,22,51,42],""ray_origin_m"":[4.87168,41.79208,8.749999618530273],""ray_direction"":[0,-1,0],""ray_distance_m"":0.6407966017723083,""selected_objects"":[""GUEST_L1_BOILER_NORTH_pier_end"",""GUEST_L1_BOILER_SOUTH_pier_end""]},{""object"":""GUEST_L1_BOILER_NORTH_pier_end"",""point_m"":[4.871679782867432,42.54827880859375,8.75],""normal"":[0.0,-1.0,0.0],""evaluated_face_index"":50,""evaluated_face_vertex_ids"":[2,8,37,29],""ray_origin_m"":[4.87168,41.79208,8.749999618530273],""ray_direction"":[0,1,0],""ray_distance_m"":0.7561988234519958,""selected_objects"":[""GUEST_L1_BOILER_NORTH_pier_end"",""GUEST_L1_BOILER_SOUTH_pier_end""]}]",Numeric mesh comparison only; see category coverage and source precision in audit report.
GUEST_BOILER_DIM_2,HABS PA-5346-A sheet 1 original TIFF,8 ft 2 in,feet/inches,2.4892,Opposed rays to named evaluated structural/lining faces. Drawing XY only seeds rays; ray intersections determine the measurement. Furnishings and decorative ashlar excluded.,0.0254,0.0254,,,2.4891998767852783,-1.232147215368684e-07,A label; C inferred room-label axis and finished-face interpretation from existing guest audit; not explicit surveyed extension endpoints.,PASS,SOURCE_PRECISION_LIMIT,0.02,True,GUEST,plan_span,489b05e403aa9d02c3568a8e3813a24235ee5b7e782df4d1f149b3ff6673e331,"[{""object"":""GUEST_L1_BOILER_WEST_pier_end"",""point_m"":[3.5625598430633545,41.2648811340332,8.75],""normal"":[1.0,0.0,0.0],""evaluated_face_index"":52,""evaluated_face_vertex_ids"":[14,22,51,42],""ray_origin_m"":[4.87168,41.264880000000005,8.749999618530273],""ray_direction"":[-1,0,0],""ray_distance_m"":1.3091199398040771,""selected_objects"":[""GUEST_L1_BOILER_EAST_pier_end"",""GUEST_L1_BOILER_WEST_door_head_0"",""GUEST_L1_BOILER_WEST_handle_0"",""GUEST_L1_BOILER_WEST_jamb_0_a"",""GUEST_L1_BOILER_WEST_jamb_0_b"",""GUEST_L1_BOILER_WEST_lintel_0"",""GUEST_L1_BOILER_WEST_open_leaf_0"",""GUEST_L1_BOILER_WEST_pier_0"",""GUEST_L1_BOILER_WEST_pier_end""]},{""object"":""GUEST_L1_BOILER_EAST_pier_end"",""point_m"":[6.051759719848633,41.2648811340332,8.75],""normal"":[-1.0,0.0,0.0],""evaluated_face_index"":50,""evaluated_face_vertex_ids"":[2,8,37,29],""ray_origin_m"":[4.87168,41.264880000000005,8.749999618530273],""ray_direction"":[1,0,0],""ray_distance_m"":1.1800800561904907,""selected_objects"":[""GUEST_L1_BOILER_EAST_pier_end"",""GUEST_L1_BOILER_WEST_door_head_0"",""GUEST_L1_BOILER_WEST_handle_0"",""GUEST_L1_BOILER_WEST_jamb_0_a"",""GUEST_L1_BOILER_WEST_jamb_0_b"",""GUEST_L1_BOILER_WEST_lintel_0"",""GUEST_L1_BOILER_WEST_open_leaf_0"",""GUEST_L1_BOILER_WEST_pier_0"",""GUEST_L1_BOILER_WEST_pier_end""]}]",Numeric mesh comparison only; see category coverage and source precision in audit report.
GUEST_GUEST_ROOM_LENGTH,HABS PA-5346-A sheet 1 original TIFF,15 ft 9 in,feet/inches,4.8006,Opposed rays to named evaluated structural/lining faces. Drawing XY only seeds rays; ray intersections determine the measurement. Furnishings and decorative ashlar excluded.,0.0254,0.0254,,,4.80059814453125,-1.855468750200373e-06,A label; C inferred room-label axis and finished-face interpretation from existing guest audit; not explicit surveyed extension endpoints.,PASS,SOURCE_PRECISION_LIMIT,0.024003,True,GUEST,plan_span,489b05e403aa9d02c3568a8e3813a24235ee5b7e782df4d1f149b3ff6673e331,"[{""object"":""GUEST_L1_BATH_EAST_pier_end"",""point_m"":[14.625320434570312,36.94184112548828,8.75],""normal"":[0.9999999403953552,0.0,0.0],""evaluated_face_index"":52,""evaluated_face_vertex_ids"":[14,22,51,42],""ray_origin_m"":[16.8028,36.94184,8.749999618530273],""ray_direction"":[-1,0,0],""ray_distance_m"":2.177478790283203,""selected_objects"":[""GUEST_L1_BATH_EAST_pier_end"",""GUEST_L1_BATH_EAST_pier_end_cork_lining"",""GUEST_L1_BED_EAST_door_head_0"",""GUEST_L1_BED_EAST_jamb_0_a"",""GUEST_L1_BED_EAST_jamb_0_b"",""GUEST_L1_BED_EAST_lintel_0"",""GUEST_L1_BED_EAST_lintel_1"",""GUEST_L1_BED_EAST_pier_0"",""GUEST_L1_BED_EAST_pier_1"",""GUEST_L1_BED_EAST_pier_end"",""GUEST_L1_BED_EAST_sill_1"",""GUEST_L1_BED_EAST_steel_window_1_glass_0"",""GUEST_L1_BED_EAST_steel_window_1_glass_1"",""GUEST_L1_BED_EAST_steel_window_1_head"",""GUEST_L1_BED_EAST_steel_window_1_mullion_0"",""GUEST_L1_BED_EAST_steel_window_1_mullion_1"",""GUEST_L1_BED_EAST_steel_window_1_mullion_2"",""GUEST_L1_BED_EAST_steel_window_1_sill"",""GUEST_L1_BED_EAST_steel_window_1_transom_0"",""GUEST_L1_BED_EAST_steel_window_1_transom_1""]},{""object"":""GUEST_L1_BED_EAST_sill_1"",""point_m"":[19.425918579101562,36.94184112548828,8.75],""normal"":[-1.0,0.0,0.0],""evaluated_face_index"":50,""evaluated_face_vertex_ids"":[2,8,37,29],""ray_origin_m"":[16.8028,36.94184,8.749999618530273],""ray_direction"":[1,0,0],""ray_distance_m"":2.6231191158294678,""selected_objects"":[""GUEST_L1_BATH_EAST_pier_end"",""GUEST_L1_BATH_EAST_pier_end_cork_lining"",""GUEST_L1_BED_EAST_door_head_0"",""GUEST_L1_BED_EAST_jamb_0_a"",""GUEST_L1_BED_EAST_jamb_0_b"",""GUEST_L1_BED_EAST_lintel_0"",""GUEST_L1_BED_EAST_lintel_1"",""GUEST_L1_BED_EAST_pier_0"",""GUEST_L1_BED_EAST_pier_1"",""GUEST_L1_BED_EAST_pier_end"",""GUEST_L1_BED_EAST_sill_1"",""GUEST_L1_BED_EAST_steel_window_1_glass_0"",""GUEST_L1_BED_EAST_steel_window_1_glass_1"",""GUEST_L1_BED_EAST_steel_window_1_head"",""GUEST_L1_BED_EAST_steel_window_1_mullion_0"",""GUEST_L1_BED_EAST_steel_window_1_mullion_1"",""GUEST_L1_BED_EAST_steel_window_1_mullion_2"",""GUEST_L1_BED_EAST_steel_window_1_sill"",""GUEST_L1_BED_EAST_steel_window_1_transom_0"",""GUEST_L1_BED_EAST_steel_window_1_transom_1""]}]",Numeric mesh comparison only; see category coverage and source precision in audit report.
GUEST_GUEST_ROOM_DEPTH,HABS PA-5346-A sheet 1 original TIFF,14 ft 1 in,feet/inches,4.2926,Opposed rays to named evaluated structural/lining faces. Drawing XY only seeds rays; ray intersections determine the measurement. Furnishings and decorative ashlar excluded.,0.0254,0.0254,,,4.292598724365234,-1.2756347658182676e-06,A label; C inferred room-label axis and finished-face interpretation from existing guest audit; not explicit surveyed extension endpoints.,PASS,SOURCE_PRECISION_LIMIT,0.021463000000000003,True,GUEST,plan_span,489b05e403aa9d02c3568a8e3813a24235ee5b7e782df4d1f149b3ff6673e331,"[{""object"":""GUEST_L1_BED_FRONT_sill_0"",""point_m"":[16.802799224853516,36.39324188232422,8.75],""normal"":[0.0,1.0,0.0],""evaluated_face_index"":52,""evaluated_face_vertex_ids"":[14,22,51,42],""ray_origin_m"":[16.8028,38.259840000000004,8.749999618530273],""ray_direction"":[0,-1,0],""ray_distance_m"":1.8665962219238281,""selected_objects"":[""GUEST_L1_BED_FRONT_lintel_0"",""GUEST_L1_BED_FRONT_pier_0"",""GUEST_L1_BED_FRONT_pier_end"",""GUEST_L1_BED_FRONT_sill_0"",""GUEST_L1_BED_FRONT_steel_window_0_glass_0"",""GUEST_L1_BED_FRONT_steel_window_0_glass_1"",""GUEST_L1_BED_FRONT_steel_window_0_glass_2"",""GUEST_L1_BED_FRONT_steel_window_0_glass_3"",""GUEST_L1_BED_FRONT_steel_window_0_glass_4"",""GUEST_L1_BED_FRONT_steel_window_0_glass_5"",""GUEST_L1_BED_FRONT_steel_window_0_head"",""GUEST_L1_BED_FRONT_steel_window_0_mullion_0"",""GUEST_L1_BED_FRONT_steel_window_0_mullion_1"",""GUEST_L1_BED_FRONT_steel_window_0_mullion_2"",""GUEST_L1_BED_FRONT_steel_window_0_mullion_3"",""GUEST_L1_BED_FRONT_steel_window_0_mullion_4"",""GUEST_L1_BED_FRONT_steel_window_0_mullion_5"",""GUEST_L1_BED_FRONT_steel_window_0_mullion_6"",""GUEST_L1_BED_FRONT_steel_window_0_sill"",""GUEST_L1_BED_FRONT_steel_window_0_transom_0"",""GUEST_L1_BED_FRONT_steel_window_0_transom_1"",""GUEST_L1_BED_FRONT_steel_window_0_transom_2"",""GUEST_L1_BED_FRONT_steel_window_0_transom_3"",""GUEST_L1_BED_FRONT_steel_window_0_transom_4"",""GUEST_L1_BED_FRONT_steel_window_0_transom_5"",""GUEST_L1_NORTH_STONE_SPINE_pier_end""]},{""object"":""GUEST_L1_NORTH_STONE_SPINE_pier_end"",""point_m"":[16.802799224853516,40.68584060668945,8.75],""normal"":[0.0,-0.9999999403953552,0.0],""evaluated_face_index"":50,""evaluated_face_vertex_ids"":[2,8,37,29],""ray_origin_m"":[16.8028,38.259840000000004,8.749999618530273],""ray_direction"":[0,1,0],""ray_distance_m"":2.4260025024414062,""selected_objects"":[""GUEST_L1_BED_FRONT_lintel_0"",""GUEST_L1_BED_FRONT_pier_0"",""GUEST_L1_BED_FRONT_pier_end"",""GUEST_L1_BED_FRONT_sill_0"",""GUEST_L1_BED_FRONT_steel_window_0_glass_0"",""GUEST_L1_BED_FRONT_steel_window_0_glass_1"",""GUEST_L1_BED_FRONT_steel_window_0_glass_2"",""GUEST_L1_BED_FRONT_steel_window_0_glass_3"",""GUEST_L1_BED_FRONT_steel_window_0_glass_4"",""GUEST_L1_BED_FRONT_steel_window_0_glass_5"",""GUEST_L1_BED_FRONT_steel_window_0_head"",""GUEST_L1_BED_FRONT_steel_window_0_mullion_0"",""GUEST_L1_BED_FRONT_steel_window_0_mullion_1"",""GUEST_L1_BED_FRONT_steel_window_0_mullion_2"",""GUEST_L1_BED_FRONT_steel_window_0_mullion_3"",""GUEST_L1_BED_FRONT_steel_window_0_mullion_4"",""GUEST_L1_BED_FRONT_steel_window_0_mullion_5"",""GUEST_L1_BED_FRONT_steel_window_0_mullion_6"",""GUEST_L1_BED_FRONT_steel_window_0_sill"",""GUEST_L1_BED_FRONT_steel_window_0_transom_0"",""GUEST_L1_BED_FRONT_steel_window_0_transom_1"",""GUEST_L1_BED_FRONT_steel_window_0_transom_2"",""GUEST_L1_BED_FRONT_steel_window_0_transom_3"",""GUEST_L1_BED_FRONT_steel_window_0_transom_4"",""GUEST_L1_BED_FRONT_steel_window_0_transom_5"",""GUEST_L1_NORTH_STONE_SPINE_pier_end""]}]",Numeric mesh comparison only; see category coverage and source precision in audit report.
GUEST_LAUNDRY_LENGTH,HABS PA-5346-A sheet 1 original TIFF,11 ft 7 in,feet/inches,3.5306,Opposed rays to named evaluated structural/lining faces. Drawing XY only seeds rays; ray intersections determine the measurement. Furnishings and decorative ashlar excluded.,0.0254,0.0254,,,3.530597686767578,-2.3132324220576095e-06,A label; C inferred room-label axis and finished-face interpretation from existing guest audit; not explicit surveyed extension endpoints.,PASS,SOURCE_PRECISION_LIMIT,0.02,True,GUEST,plan_span,489b05e403aa9d02c3568a8e3813a24235ee5b7e782df4d1f149b3ff6673e331,"[{""object"":""GUEST_B1_BASE_SOUTH_sill_0"",""point_m"":[-0.12151999771595001,37.33544158935547,6.539999961853027],""normal"":[0.0,1.0,0.0],""evaluated_face_index"":52,""evaluated_face_vertex_ids"":[14,22,51,42],""ray_origin_m"":[-0.1215200000000003,38.62888,6.539999961853027],""ray_direction"":[0,-1,0],""ray_distance_m"":1.2934379577636719,""selected_objects"":[""GUEST_B1_BASE_NORTH_SPLAY_pier_end"",""GUEST_B1_BASE_NORTH_pier_end"",""GUEST_B1_BASE_SOUTH_lintel_0"",""GUEST_B1_BASE_SOUTH_pier_0"",""GUEST_B1_BASE_SOUTH_pier_0_cork_lining"",""GUEST_B1_BASE_SOUTH_pier_end"",""GUEST_B1_BASE_SOUTH_sill_0"",""GUEST_B1_BASE_SOUTH_steel_window_0_glass_0"",""GUEST_B1_BASE_SOUTH_steel_window_0_glass_1"",""GUEST_B1_BASE_SOUTH_steel_window_0_glass_2"",""GUEST_B1_BASE_SOUTH_steel_window_0_head"",""GUEST_B1_BASE_SOUTH_steel_window_0_mullion_0"",""GUEST_B1_BASE_SOUTH_steel_window_0_mullion_1"",""GUEST_B1_BASE_SOUTH_steel_window_0_mullion_2"",""GUEST_B1_BASE_SOUTH_steel_window_0_mullion_3"",""GUEST_B1_BASE_SOUTH_steel_window_0_sill"",""GUEST_B1_BASE_SOUTH_steel_window_0_transom_0"",""GUEST_B1_BASE_SOUTH_steel_window_0_transom_1"",""GUEST_B1_BASE_SOUTH_steel_window_0_transom_2""]},{""object"":""GUEST_B1_BASE_NORTH_pier_end"",""point_m"":[-0.12151999771595001,40.86603927612305,6.539999961853027],""normal"":[0.0,-0.9999999403953552,0.0],""evaluated_face_index"":50,""evaluated_face_vertex_ids"":[2,8,37,29],""ray_origin_m"":[-0.1215200000000003,38.62888,6.539999961853027],""ray_direction"":[0,1,0],""ray_distance_m"":2.237159490585327,""selected_objects"":[""GUEST_B1_BASE_NORTH_SPLAY_pier_end"",""GUEST_B1_BASE_NORTH_pier_end"",""GUEST_B1_BASE_SOUTH_lintel_0"",""GUEST_B1_BASE_SOUTH_pier_0"",""GUEST_B1_BASE_SOUTH_pier_0_cork_lining"",""GUEST_B1_BASE_SOUTH_pier_end"",""GUEST_B1_BASE_SOUTH_sill_0"",""GUEST_B1_BASE_SOUTH_steel_window_0_glass_0"",""GUEST_B1_BASE_SOUTH_steel_window_0_glass_1"",""GUEST_B1_BASE_SOUTH_steel_window_0_glass_2"",""GUEST_B1_BASE_SOUTH_steel_window_0_head"",""GUEST_B1_BASE_SOUTH_steel_window_0_mullion_0"",""GUEST_B1_BASE_SOUTH_steel_window_0_mullion_1"",""GUEST_B1_BASE_SOUTH_steel_window_0_mullion_2"",""GUEST_B1_BASE_SOUTH_steel_window_0_mullion_3"",""GUEST_B1_BASE_SOUTH_steel_window_0_sill"",""GUEST_B1_BASE_SOUTH_steel_window_0_transom_0"",""GUEST_B1_BASE_SOUTH_steel_window_0_transom_1"",""GUEST_B1_BASE_SOUTH_steel_window_0_transom_2""]}]",Numeric mesh comparison only; see category coverage and source precision in audit report.
GUEST_LAUNDRY_DEPTH,HABS PA-5346-A sheet 1 original TIFF,9 ft 8 in,feet/inches,2.9464,Opposed rays to named evaluated structural/lining faces. Drawing XY only seeds rays; ray intersections determine the measurement. Furnishings and decorative ashlar excluded.,0.0254,0.0254,,,2.9464000463485718,4.634857164731443e-08,A label; C inferred room-label axis and finished-face interpretation from existing guest audit; not explicit surveyed extension endpoints.,PASS,SOURCE_PRECISION_LIMIT,0.02,True,GUEST,plan_span,489b05e403aa9d02c3568a8e3813a24235ee5b7e782df4d1f149b3ff6673e331,"[{""object"":""GUEST_B1_BASE_BATH_EAST_pier_end"",""point_m"":[-1.7588000297546387,37.943519592285156,6.539999961853027],""normal"":[1.0,-8.745271884436079e-08,0.0],""evaluated_face_index"":52,""evaluated_face_vertex_ids"":[14,22,51,42],""ray_origin_m"":[-0.27920000000000034,37.94352,6.539999961853027],""ray_direction"":[-1,0,0],""ray_distance_m"":1.4796000719070435,""selected_objects"":[""GUEST_B1_BASE_BATH_EAST_door_head_0"",""GUEST_B1_BASE_BATH_EAST_handle_0"",""GUEST_B1_BASE_BATH_EAST_jamb_0_a"",""GUEST_B1_BASE_BATH_EAST_jamb_0_b"",""GUEST_B1_BASE_BATH_EAST_lintel_0"",""GUEST_B1_BASE_BATH_EAST_lintel_0_cork_lining"",""GUEST_B1_BASE_BATH_EAST_open_leaf_0"",""GUEST_B1_BASE_BATH_EAST_pier_0"",""GUEST_B1_BASE_BATH_EAST_pier_0_cork_lining"",""GUEST_B1_BASE_BATH_EAST_pier_end"",""GUEST_B1_BASE_BATH_EAST_pier_end_cork_lining"",""GUEST_B1_BASE_EAST_door_head_0"",""GUEST_B1_BASE_EAST_handle_0"",""GUEST_B1_BASE_EAST_jamb_0_a"",""GUEST_B1_BASE_EAST_jamb_0_b"",""GUEST_B1_BASE_EAST_lintel_0"",""GUEST_B1_BASE_EAST_open_leaf_0"",""GUEST_B1_BASE_EAST_pier_0"",""GUEST_B1_BASE_EAST_pier_end""]},{""object"":""GUEST_B1_BASE_EAST_pier_end"",""point_m"":[1.187600016593933,37.943519592285156,6.539999961853027],""normal"":[-1.0,4.542389575590278e-08,0.0],""evaluated_face_index"":50,""evaluated_face_vertex_ids"":[2,8,37,29],""ray_origin_m"":[-0.27920000000000034,37.94352,6.539999961853027],""ray_direction"":[1,0,0],""ray_distance_m"":1.4667999744415283,""selected_objects"":[""GUEST_B1_BASE_BATH_EAST_door_head_0"",""GUEST_B1_BASE_BATH_EAST_handle_0"",""GUEST_B1_BASE_BATH_EAST_jamb_0_a"",""GUEST_B1_BASE_BATH_EAST_jamb_0_b"",""GUEST_B1_BASE_BATH_EAST_lintel_0"",""GUEST_B1_BASE_BATH_EAST_lintel_0_cork_lining"",""GUEST_B1_BASE_BATH_EAST_open_leaf_0"",""GUEST_B1_BASE_BATH_EAST_pier_0"",""GUEST_B1_BASE_BATH_EAST_pier_0_cork_lining"",""GUEST_B1_BASE_BATH_EAST_pier_end"",""GUEST_B1_BASE_BATH_EAST_pier_end_cork_lining"",""GUEST_B1_BASE_EAST_door_head_0"",""GUEST_B1_BASE_EAST_handle_0"",""GUEST_B1_BASE_EAST_jamb_0_a"",""GUEST_B1_BASE_EAST_jamb_0_b"",""GUEST_B1_BASE_EAST_lintel_0"",""GUEST_B1_BASE_EAST_open_leaf_0"",""GUEST_B1_BASE_EAST_pier_0"",""GUEST_B1_BASE_EAST_pier_end""]}]",Numeric mesh comparison only; see category coverage and source precision in audit report.
GUEST_BASE_BATH_LENGTH,HABS PA-5346-A sheet 1 original TIFF,6 ft 8 in,feet/inches,2.032,Opposed rays to named evaluated structural/lining faces. Drawing XY only seeds rays; ray intersections determine the measurement. Furnishings and decorative ashlar excluded.,0.0254,0.0254,,,2.0319976806640625,-2.3193359375284217e-06,A label; C inferred room-label axis and finished-face interpretation from existing guest audit; not explicit surveyed extension endpoints.,PASS,SOURCE_PRECISION_LIMIT,0.02,True,GUEST,plan_span,489b05e403aa9d02c3568a8e3813a24235ee5b7e782df4d1f149b3ff6673e331,"[{""object"":""GUEST_B1_BASE_SOUTH_pier_0_cork_lining"",""point_m"":[-2.329040050506592,37.34444046020508,6.539999961853027],""normal"":[0.0,1.0,0.0],""evaluated_face_index"":52,""evaluated_face_vertex_ids"":[14,22,51,42],""ray_origin_m"":[-2.3290400000000004,38.259840000000004,6.539999961853027],""ray_direction"":[0,-1,0],""ray_distance_m"":0.9153977036476135,""selected_objects"":[""GUEST_B1_BASE_BATH_NORTH_pier_end"",""GUEST_B1_BASE_BATH_NORTH_pier_end_cork_lining"",""GUEST_B1_BASE_SOUTH_lintel_0"",""GUEST_B1_BASE_SOUTH_pier_0"",""GUEST_B1_BASE_SOUTH_pier_0_cork_lining"",""GUEST_B1_BASE_SOUTH_pier_end"",""GUEST_B1_BASE_SOUTH_sill_0"",""GUEST_B1_BASE_SOUTH_steel_window_0_glass_0"",""GUEST_B1_BASE_SOUTH_steel_window_0_glass_1"",""GUEST_B1_BASE_SOUTH_steel_window_0_glass_2"",""GUEST_B1_BASE_SOUTH_steel_window_0_head"",""GUEST_B1_BASE_SOUTH_steel_window_0_mullion_0"",""GUEST_B1_BASE_SOUTH_steel_window_0_mullion_1"",""GUEST_B1_BASE_SOUTH_steel_window_0_mullion_2"",""GUEST_B1_BASE_SOUTH_steel_window_0_mullion_3"",""GUEST_B1_BASE_SOUTH_steel_window_0_sill"",""GUEST_B1_BASE_SOUTH_steel_window_0_transom_0"",""GUEST_B1_BASE_SOUTH_steel_window_0_transom_1"",""GUEST_B1_BASE_SOUTH_steel_window_0_transom_2""]},{""object"":""GUEST_B1_BASE_BATH_NORTH_pier_end_cork_lining"",""point_m"":[-2.329040050506592,39.37643814086914,6.539999961853027],""normal"":[0.0,-1.0,0.0],""evaluated_face_index"":50,""evaluated_face_vertex_ids"":[2,8,37,29],""ray_origin_m"":[-2.3290400000000004,38.259840000000004,6.539999961853027],""ray_direction"":[0,1,0],""ray_distance_m"":1.1166001558303833,""selected_objects"":[""GUEST_B1_BASE_BATH_NORTH_pier_end"",""GUEST_B1_BASE_BATH_NORTH_pier_end_cork_lining"",""GUEST_B1_BASE_SOUTH_lintel_0"",""GUEST_B1_BASE_SOUTH_pier_0"",""GUEST_B1_BASE_SOUTH_pier_0_cork_lining"",""GUEST_B1_BASE_SOUTH_pier_end"",""GUEST_B1_BASE_SOUTH_sill_0"",""GUEST_B1_BASE_SOUTH_steel_window_0_glass_0"",""GUEST_B1_BASE_SOUTH_steel_window_0_glass_1"",""GUEST_B1_BASE_SOUTH_steel_window_0_glass_2"",""GUEST_B1_BASE_SOUTH_steel_window_0_head"",""GUEST_B1_BASE_SOUTH_steel_window_0_mullion_0"",""GUEST_B1_BASE_SOUTH_steel_window_0_mullion_1"",""GUEST_B1_BASE_SOUTH_steel_window_0_mullion_2"",""GUEST_B1_BASE_SOUTH_steel_window_0_mullion_3"",""GUEST_B1_BASE_SOUTH_steel_window_0_sill"",""GUEST_B1_BASE_SOUTH_steel_window_0_transom_0"",""GUEST_B1_BASE_SOUTH_steel_window_0_transom_1"",""GUEST_B1_BASE_SOUTH_steel_window_0_transom_2""]}]",Numeric mesh comparison only; see category coverage and source precision in audit report.
GUEST_BASE_BATH_WIDTH,HABS PA-5346-A sheet 1 original TIFF,5 ft 1 in,feet/inches,1.5494,Opposed rays to named evaluated structural/lining faces. Drawing XY only seeds rays; ray intersections determine the measurement. Furnishings and decorative ashlar excluded.,0.0254,0.0254,,,1.5493998527526855,-1.472473145636144e-07,A label; C inferred room-label axis and finished-face interpretation from existing guest audit; not explicit surveyed extension endpoints.,PASS,SOURCE_PRECISION_LIMIT,0.02,True,GUEST,plan_span,489b05e403aa9d02c3568a8e3813a24235ee5b7e782df4d1f149b3ff6673e331,"[{""object"":""GUEST_B1_BASE_BATH_WEST_pier_end_cork_lining"",""point_m"":[-3.447199821472168,38.0489616394043,6.539999961853027],""normal"":[1.0,0.0,0.0],""evaluated_face_index"":52,""evaluated_face_vertex_ids"":[14,22,51,42],""ray_origin_m"":[-2.3290400000000004,38.04896,6.539999961853027],""ray_direction"":[-1,0,0],""ray_distance_m"":1.1181598901748657,""selected_objects"":[""GUEST_B1_BASE_BATH_EAST_door_head_0"",""GUEST_B1_BASE_BATH_EAST_handle_0"",""GUEST_B1_BASE_BATH_EAST_jamb_0_a"",""GUEST_B1_BASE_BATH_EAST_jamb_0_b"",""GUEST_B1_BASE_BATH_EAST_lintel_0"",""GUEST_B1_BASE_BATH_EAST_lintel_0_cork_lining"",""GUEST_B1_BASE_BATH_EAST_open_leaf_0"",""GUEST_B1_BASE_BATH_EAST_pier_0"",""GUEST_B1_BASE_BATH_EAST_pier_0_cork_lining"",""GUEST_B1_BASE_BATH_EAST_pier_end"",""GUEST_B1_BASE_BATH_EAST_pier_end_cork_lining"",""GUEST_B1_BASE_BATH_WEST_pier_end"",""GUEST_B1_BASE_BATH_WEST_pier_end_cork_lining""]},{""object"":""GUEST_B1_BASE_BATH_EAST_pier_end_cork_lining"",""point_m"":[-1.8977999687194824,38.0489616394043,6.539999961853027],""normal"":[-1.0,0.0,0.0],""evaluated_face_index"":50,""evaluated_face_vertex_ids"":[2,8,37,29],""ray_origin_m"":[-2.3290400000000004,38.04896,6.539999961853027],""ray_direction"":[1,0,0],""ray_distance_m"":0.431240051984787,""selected_objects"":[""GUEST_B1_BASE_BATH_EAST_door_head_0"",""GUEST_B1_BASE_BATH_EAST_handle_0"",""GUEST_B1_BASE_BATH_EAST_jamb_0_a"",""GUEST_B1_BASE_BATH_EAST_jamb_0_b"",""GUEST_B1_BASE_BATH_EAST_lintel_0"",""GUEST_B1_BASE_BATH_EAST_lintel_0_cork_lining"",""GUEST_B1_BASE_BATH_EAST_open_leaf_0"",""GUEST_B1_BASE_BATH_EAST_pier_0"",""GUEST_B1_BASE_BATH_EAST_pier_0_cork_lining"",""GUEST_B1_BASE_BATH_EAST_pier_end"",""GUEST_B1_BASE_BATH_EAST_pier_end_cork_lining"",""GUEST_B1_BASE_BATH_WEST_pier_end"",""GUEST_B1_BASE_BATH_WEST_pier_end_cork_lining""]}]",Numeric mesh comparison only; see category coverage and source precision in audit report.
GUEST_SERVICE_Y_CHAIN,HABS PA-5346-A sheet 1 original TIFF,50 ft 10.25 in,feet/inches,15.50035,NOT_RUN,0.0127,0.0127,,,,,"A label; C source-to-mesh correspondence, unless noted",NOT_RUN,NOT_RUN,0.07750175,False,GUEST,plan_span,489b05e403aa9d02c3568a8e3813a24235ee5b7e782df4d1f149b3ff6673e331,[],NOT_RUN: Printed50′10¼ vertical witness line starts at an angled service-wall projection. Mapping that witness to a specific inner/outer finished vertex is unresolved. Full-scene presence alone does not establish source endpoint identity.
GUEST_POOL_OUTER_WIDTH,HABS PA-5346-A sheet 1 original TIFF,31 ft 6.625 in,feet/inches,9.617075,"Actual outer coping ring X extrema, matched to printed pool exterior horizontal chain.",0.0127,0.0127,,,9.617074966430664,-3.356933575560106e-08,"A label; C source-to-mesh correspondence, unless noted",PASS,PASS,0.048085375,False,GUEST,pool,489b05e403aa9d02c3568a8e3813a24235ee5b7e782df4d1f149b3ff6673e331,"[{""object"":""GUEST_POOL_coping_17"",""axis"":""X"",""side"":""min"",""coordinate_m"":22.97930335998535,""point_m"":[22.97930335998535,33.53364181518555,9.034850120544434],""evaluated_vertex_ids"":[0,2,5,6],""representative_vertex_id"":0,""selected_objects"":[""GUEST_POOL_coping_00"",""GUEST_POOL_coping_01"",""GUEST_POOL_coping_02"",""GUEST_POOL_coping_03"",""GUEST_POOL_coping_04"",""GUEST_POOL_coping_05"",""GUEST_POOL_coping_06"",""GUEST_POOL_coping_07"",""GUEST_POOL_coping_08"",""GUEST_POOL_coping_09"",""GUEST_POOL_coping_10"",""GUEST_POOL_coping_11"",""GUEST_POOL_coping_12"",""GUEST_POOL_coping_17"",""GUEST_POOL_coping_18"",""GUEST_POOL_coping_19"",""GUEST_POOL_coping_20"",""GUEST_POOL_coping_21"",""GUEST_POOL_coping_22"",""GUEST_POOL_coping_23"",""GUEST_POOL_coping_24"",""GUEST_POOL_coping_25"",""GUEST_POOL_coping_26"",""GUEST_POOL_coping_27"",""GUEST_POOL_coping_28"",""GUEST_POOL_coping_29"",""GUEST_POOL_coping_30"",""GUEST_POOL_coping_31"",""GUEST_POOL_coping_32"",""GUEST_POOL_coping_33"",""GUEST_POOL_coping_34"",""GUEST_POOL_coping_35""]},{""object"":""GUEST_POOL_coping_00"",""axis"":""X"",""side"":""max"",""coordinate_m"":32.596378326416016,""point_m"":[32.596378326416016,36.39604187011719,9.034850120544434],""evaluated_vertex_ids"":[0,4],""representative_vertex_id"":0,""selected_objects"":[""GUEST_POOL_coping_00"",""GUEST_POOL_coping_01"",""GUEST_POOL_coping_02"",""GUEST_POOL_coping_03"",""GUEST_POOL_coping_04"",""GUEST_POOL_coping_05"",""GUEST_POOL_coping_06"",""GUEST_POOL_coping_07"",""GUEST_POOL_coping_08"",""GUEST_POOL_coping_09"",""GUEST_POOL_coping_10"",""GUEST_POOL_coping_11"",""GUEST_POOL_coping_12"",""GUEST_POOL_coping_17"",""GUEST_POOL_coping_18"",""GUEST_POOL_coping_19"",""GUEST_POOL_coping_20"",""GUEST_POOL_coping_21"",""GUEST_POOL_coping_22"",""GUEST_POOL_coping_23"",""GUEST_POOL_coping_24"",""GUEST_POOL_coping_25"",""GUEST_POOL_coping_26"",""GUEST_POOL_coping_27"",""GUEST_POOL_coping_28"",""GUEST_POOL_coping_29"",""GUEST_POOL_coping_30"",""GUEST_POOL_coping_31"",""GUEST_POOL_coping_32"",""GUEST_POOL_coping_33"",""GUEST_POOL_coping_34"",""GUEST_POOL_coping_35""]}]",Numeric mesh comparison only; see category coverage and source precision in audit report.
GUEST_THEATER_NORTH_RISE,HABS PA-5346-A sheet 1 original TIFF,14 ft 5.625 in,feet/inches,4.410075,NOT_RUN,0.0127,0.0127,,,,,"A label; C source-to-mesh correspondence, unless noted",NOT_RUN,NOT_RUN,0.022050375,False,GUEST,plan_span,489b05e403aa9d02c3568a8e3813a24235ee5b7e782df4d1f149b3ff6673e331,[],NOT_RUN: Printed14′5⅝ north angled-wall projected rise lacks established inner/outer vertex identity in the current traced mesh. Do not substitute whole object boundingbox. Full-scene presence alone does not establish source endpoint identity.
GUEST_THEATER_EAST_SEGMENT,HABS PA-5346-A sheet 1 original TIFF,12 ft 8.75 in,feet/inches,3.87985,NOT_RUN,0.0127,0.0127,,,,,"A label; C source-to-mesh correspondence, unless noted",NOT_RUN,NOT_RUN,0.02,False,GUEST,plan_span,489b05e403aa9d02c3568a8e3813a24235ee5b7e782df4d1f149b3ff6673e331,[],"NOT_RUN: Printed12′8¾ is a partial east-wall interval terminating at a projection line; no named mesh vertex fixes that witness endpoint, so whole east-wall length is not equivalent. Full-scene presence alone does not establish source endpoint identity."
GUEST_SECOND_LEVEL,HABS PA-5346-A sheet4 original TIFF,7 ft 8.625 in,feet/inches,2.352675,"Actual selected mesh top Z minus actual guest main slab top Z. This is a local guest datum, not a measured cross-building height.",0.00635,0.00635,,,2.352675437927246,4.379272460219852e-07,"A label; C source-to-mesh correspondence, unless noted",PASS,PASS,0.02,False,GUEST,elevation,489b05e403aa9d02c3568a8e3813a24235ee5b7e782df4d1f149b3ff6673e331,"[{""object"":""GUEST_L1_MAIN_FLOOR"",""axis"":""Z"",""side"":""max"",""coordinate_m"":8.399999618530273,""point_m"":[3.4525599479675293,34.30583953857422,8.399999618530273],""evaluated_vertex_ids"":[10,11,12,13,14,15,16,17,18,19],""representative_vertex_id"":10,""selected_objects"":[""GUEST_L1_MAIN_FLOOR""]},{""object"":""GUEST_L2_BEDROOM_FLOOR"",""axis"":""Z"",""side"":""max"",""coordinate_m"":10.75267505645752,""point_m"":[-3.4853599071502686,37.099998474121094,10.75267505645752],""evaluated_vertex_ids"":[4,5,6,7],""representative_vertex_id"":4,""selected_objects"":[""GUEST_L2_BEDROOM_FLOOR""]}]",Numeric mesh comparison only; see category coverage and source precision in audit report.
GUEST_TOP_STONE,HABS PA-5346-A sheet4 original TIFF,14 ft 9.625 in,feet/inches,4.511675,"Actual selected mesh top Z minus actual guest main slab top Z. This is a local guest datum, not a measured cross-building height.",0.00635,0.00635,,,4.511675834655762,8.346557613947425e-07,"A label; C source-to-mesh correspondence, unless noted",PASS,PASS,0.022558375000000002,False,GUEST,elevation,489b05e403aa9d02c3568a8e3813a24235ee5b7e782df4d1f149b3ff6673e331,"[{""object"":""GUEST_L1_MAIN_FLOOR"",""axis"":""Z"",""side"":""max"",""coordinate_m"":8.399999618530273,""point_m"":[3.4525599479675293,34.30583953857422,8.399999618530273],""evaluated_vertex_ids"":[10,11,12,13,14,15,16,17,18,19],""representative_vertex_id"":10,""selected_objects"":[""GUEST_L1_MAIN_FLOOR""]},{""object"":""GUEST_L2_UPPER_TERRACE_DIAGONAL_pier_end"",""axis"":""Z"",""side"":""max"",""coordinate_m"":12.911675453186035,""point_m"":[-3.4569475650787354,52.63375473022461,12.911675453186035],""evaluated_vertex_ids"":[30,36,43,50],""representative_vertex_id"":30,""selected_objects"":[""GUEST_L2_UPPER_TERRACE_DIAGONAL_pier_end"",""GUEST_L2_UPPER_TERRACE_EAST_pier_end"",""GUEST_L2_UPPER_TERRACE_NORTHEAST_pier_end""]}]",Numeric mesh comparison only; see category coverage and source precision in audit report.
GUEST_PARAPET,HABS PA-5346-A sheet4 original TIFF,10 ft 9.75 in,feet/inches,3.29565,"Actual selected mesh top Z minus actual guest main slab top Z. This is a local guest datum, not a measured cross-building height.",0.00635,0.00635,,,3.2956504821777344,4.821777341845745e-07,"A label; C source-to-mesh correspondence, unless noted",PASS,PASS,0.02,False,GUEST,elevation,489b05e403aa9d02c3568a8e3813a24235ee5b7e782df4d1f149b3ff6673e331,"[{""object"":""GUEST_L1_MAIN_FLOOR"",""axis"":""Z"",""side"":""max"",""coordinate_m"":8.399999618530273,""point_m"":[3.4525599479675293,34.30583953857422,8.399999618530273],""evaluated_vertex_ids"":[10,11,12,13,14,15,16,17,18,19],""representative_vertex_id"":10,""selected_objects"":[""GUEST_L1_MAIN_FLOOR""]},{""object"":""GUEST_LOW_ARM_ROOF_parapet_0"",""axis"":""Z"",""side"":""max"",""coordinate_m"":11.695650100708008,""point_m"":[3.9168319702148438,40.073402404785156,11.695650100708008],""evaluated_vertex_ids"":[30,36,43,50],""representative_vertex_id"":30,""selected_objects"":[""GUEST_LOW_ARM_ROOF_parapet_0"",""GUEST_LOW_ARM_ROOF_parapet_1"",""GUEST_LOW_ARM_ROOF_parapet_2"",""GUEST_LOW_ARM_ROOF_parapet_3"",""GUEST_LOW_ARM_ROOF_parapet_4"",""GUEST_LOW_ARM_ROOF_parapet_5"",""GUEST_LOW_ARM_ROOF_parapet_6"",""GUEST_LOW_ARM_ROOF_parapet_7"",""GUEST_LOW_ARM_ROOF_parapet_8""]}]",Numeric mesh comparison only; see category coverage and source precision in audit report.
GUEST_CHIMNEY,HABS PA-5346-A sheet4 original TIFF,17 ft 2.75 in,feet/inches,5.25145,"Actual selected mesh top Z minus actual guest main slab top Z. This is a local guest datum, not a measured cross-building height.",0.00635,0.00635,,,5.251450538635254,5.386352537328776e-07,"A label; C source-to-mesh correspondence, unless noted",PASS,PASS,0.026257250000000003,False,GUEST,elevation,489b05e403aa9d02c3568a8e3813a24235ee5b7e782df4d1f149b3ff6673e331,"[{""object"":""GUEST_L1_MAIN_FLOOR"",""axis"":""Z"",""side"":""max"",""coordinate_m"":8.399999618530273,""point_m"":[3.4525599479675293,34.30583953857422,8.399999618530273],""evaluated_vertex_ids"":[10,11,12,13,14,15,16,17,18,19],""representative_vertex_id"":10,""selected_objects"":[""GUEST_L1_MAIN_FLOOR""]},{""object"":""GUEST_STONE_CHIMNEY_pier_end"",""axis"":""Z"",""side"":""max"",""coordinate_m"":13.651450157165527,""point_m"":[3.3806440830230713,40.94155502319336,13.651450157165527],""evaluated_vertex_ids"":[30,36,43,50],""representative_vertex_id"":30,""selected_objects"":[""GUEST_STONE_CHIMNEY_pier_end""]}]",Numeric mesh comparison only; see category coverage and source precision in audit report.
GUEST_LOW_STONE,HABS PA-5346-A sheet4 original TIFF,6 ft 11.75 in,feet/inches,2.12725,"Actual selected mesh top Z minus actual guest main slab top Z. This is a local guest datum, not a measured cross-building height.",0.00635,0.00635,,,2.1272506713867188,6.713867186647349e-07,"A label; C source-to-mesh correspondence, unless noted",PASS,PASS,0.02,False,GUEST,elevation,489b05e403aa9d02c3568a8e3813a24235ee5b7e782df4d1f149b3ff6673e331,"[{""object"":""GUEST_L1_MAIN_FLOOR"",""axis"":""Z"",""side"":""max"",""coordinate_m"":8.399999618530273,""point_m"":[3.4525599479675293,34.30583953857422,8.399999618530273],""evaluated_vertex_ids"":[10,11,12,13,14,15,16,17,18,19],""representative_vertex_id"":10,""selected_objects"":[""GUEST_L1_MAIN_FLOOR""]},{""object"":""GUEST_L1_NORTH_STONE_SPINE_pier_end"",""axis"":""Z"",""side"":""max"",""coordinate_m"":10.527250289916992,""point_m"":[6.192680358886719,40.692840576171875,10.527250289916992],""evaluated_vertex_ids"":[30,36,43,50],""representative_vertex_id"":30,""selected_objects"":[""GUEST_L1_NORTH_STONE_SPINE_pier_end""]}]",Numeric mesh comparison only; see category coverage and source precision in audit report.
GUEST_POOL_TOP,HABS PA-5346-A sheet4 original TIFF,2 ft 3.75 in,feet/inches,0.70485,"Actual selected mesh top Z minus actual guest main slab top Z. This is a local guest datum, not a measured cross-building height.",0.00635,0.00635,,,0.7048501968383789,1.968383789296979e-07,"A label; C source-to-mesh correspondence, unless noted",PASS,PASS,0.02,False,GUEST,elevation,489b05e403aa9d02c3568a8e3813a24235ee5b7e782df4d1f149b3ff6673e331,"[{""object"":""GUEST_L1_MAIN_FLOOR"",""axis"":""Z"",""side"":""max"",""coordinate_m"":8.399999618530273,""point_m"":[3.4525599479675293,34.30583953857422,8.399999618530273],""evaluated_vertex_ids"":[10,11,12,13,14,15,16,17,18,19],""representative_vertex_id"":10,""selected_objects"":[""GUEST_L1_MAIN_FLOOR""]},{""object"":""GUEST_POOL_coping_00"",""axis"":""Z"",""side"":""max"",""coordinate_m"":9.104849815368652,""point_m"":[32.596378326416016,36.39604187011719,9.104849815368652],""evaluated_vertex_ids"":[4,5,6,7],""representative_vertex_id"":4,""selected_objects"":[""GUEST_POOL_coping_00"",""GUEST_POOL_coping_01"",""GUEST_POOL_coping_02"",""GUEST_POOL_coping_03"",""GUEST_POOL_coping_04"",""GUEST_POOL_coping_05"",""GUEST_POOL_coping_06"",""GUEST_POOL_coping_07"",""GUEST_POOL_coping_08"",""GUEST_POOL_coping_09"",""GUEST_POOL_coping_10"",""GUEST_POOL_coping_11"",""GUEST_POOL_coping_12"",""GUEST_POOL_coping_17"",""GUEST_POOL_coping_18"",""GUEST_POOL_coping_19"",""GUEST_POOL_coping_20"",""GUEST_POOL_coping_21"",""GUEST_POOL_coping_22"",""GUEST_POOL_coping_23"",""GUEST_POOL_coping_24"",""GUEST_POOL_coping_25"",""GUEST_POOL_coping_26"",""GUEST_POOL_coping_27"",""GUEST_POOL_coping_28"",""GUEST_POOL_coping_29"",""GUEST_POOL_coping_30"",""GUEST_POOL_coping_31"",""GUEST_POOL_coping_32"",""GUEST_POOL_coping_33"",""GUEST_POOL_coping_34"",""GUEST_POOL_coping_35""]}]",Numeric mesh comparison only; see category coverage and source precision in audit report.
GUEST_LAUNDRY_STAIR_CLEAR,HABS PA-5346-A sheet 1 original TIFF,2 ft 5 in,feet/inches,0.7366,Three fresh opposed rays to visible laundry structural/rough-stone faces and the outer stair wall. One connection anchor; three stations are not three anchors or a global continuous minimum proof.,,,,qa/guest-stair-wall08-review.md,0.7475495338439941,0.010949533843994108,A label; Independently verified nominal target: EXPLICIT_EXTENSION_LINES_OPPOSING_VISIBLE_FACES; nominal rough-face position C,PASS,PASS,0.02,,GUEST,connections,489b05e403aa9d02c3568a8e3813a24235ee5b7e782df4d1f149b3ff6673e331,"[{""object"":""GUEST_LAYERED_SANDSTONE_COURSES"",""point_m"":[1.4151504039764404,38.78704071044922,8.049999237060547],""normal"":[1.0,0.0,0.0],""evaluated_face_index"":42417,""evaluated_face_vertex_ids"":[56554,56555,56559,56558],""ray_origin_m"":[1.7759000059999999,38.78704071,8.049999618530274],""ray_direction"":[-1,0,0],""ray_distance_m"":0.36074957251548767,""selected_objects"":[""GUEST_B1_BASE_EAST_pier_end"",""GUEST_LAUNDRY_DESCENT_outer_retaining_wall"",""GUEST_LAYERED_SANDSTONE_COURSES""]},{""object"":""GUEST_LAUNDRY_DESCENT_outer_retaining_wall"",""point_m"":[2.1626999378204346,38.78704071044922,8.049999237060547],""normal"":[-1.0,0.0,0.0],""evaluated_face_index"":11,""evaluated_face_vertex_ids"":[9,10,47,46],""ray_origin_m"":[1.7759000059999999,38.78704071,8.049999618530274],""ray_direction"":[1,0,0],""ray_distance_m"":0.3867999315261841,""selected_objects"":[""GUEST_B1_BASE_EAST_pier_end"",""GUEST_LAUNDRY_DESCENT_outer_retaining_wall"",""GUEST_LAYERED_SANDSTONE_COURSES""]}]",Verified nominal drawing-target comparison; absolute survey accuracy UNKNOWN.
