id,label,building,level,z,height,kind,center,entry,polygon,reference,evidence,model_status,qa_cameras,qa_status,notes
MAIN_B_WINE,Wine Cellar,MAIN,B,-2.15,2.15,storage,"[-2.62, 13.168800000000001, -2.15]","[-3.3012, 15.6645, -2.15]","[[-3.93, 15.717600000000001], [-2.2008, 15.717600000000001], [-2.2008, 13.646700000000001], [-0.3144, 13.646700000000001], [-0.3144, 12.2661], [-3.8776, 12.2661]]",HABS PA-5346 sheet 03,C,revision10 physical checkpoint; final visual/navigation acceptance pending,"[""CAM_MAIN_B_WINE_A"", ""CAM_MAIN_B_WINE_B""]",NOT_ACCEPTED,"Access follows the internal north stair leg. Sheet03 west boundary is rock/retaining wall, not an outside doorway."
MAIN_B_BATH,Bath,MAIN,B,-2.15,2.15,bathroom,"[-1.1528, 14.6556, -2.15]","[-1.9388, 14.337, -2.15]","[[-1.8864, 15.558300000000001], [-0.4192, 15.558300000000001], [-0.4192, 13.6998], [-1.8864, 13.6998]]",HABS PA-5346 sheet 03,C,revision10 physical checkpoint; final visual/navigation acceptance pending,"[""CAM_MAIN_B_BATH_A"", ""CAM_MAIN_B_BATH_B""]",NOT_ACCEPTED,"Room name and topology from HABS; manually traced boundaries, pixel tolerance 1–3 pixels; construction thickness/door heights approximated. Baths remain separate as drawn."
MAIN_B_BOILER,Boiler Room,MAIN,B,-2.15,2.15,mechanical,"[1.572, 12.5847, -2.15]","[0.3668, 12.850200000000001, -2.15]","[[0.3668, 13.806000000000001], [2.882, 13.806000000000001], [2.882, 11.4696], [0.3668, 11.4696]]",HABS PA-5346 sheet 03,C,revision10 physical checkpoint; final visual/navigation acceptance pending,"[""CAM_MAIN_B_BOILER_A"", ""CAM_MAIN_B_BOILER_B""]",NOT_ACCEPTED,"Room name and topology from HABS; manually traced boundaries, pixel tolerance 1–3 pixels; construction thickness/door heights approximated. Baths remain separate as drawn."
MAIN_B_STAIR,Basement Stair,MAIN,B,-2.15,2.15,stair,"[-4.0872, 17.1513, -2.15]","[-3.3012, 15.6645, -2.15]","[[-6.4976, 18.0009], [-2.62, 18.0009], [-2.62, 15.5052], [-3.93, 15.5052], [-3.93, 16.5672], [-6.4976, 16.5672]]",HABS PA-5346 sheet 03,C,revision10 physical checkpoint; final visual/navigation acceptance pending,"[""CAM_MAIN_B_STAIR_A"", ""CAM_MAIN_B_STAIR_B""]",NOT_ACCEPTED,"Room name and topology from HABS; manually traced boundaries, pixel tolerance 1–3 pixels; construction thickness/door heights approximated. Baths remain separate as drawn."
MAIN_B_FOUNDATION_1,Foundation Bay 1,MAIN,B,-2.8467,2.15,foundation,"[1.1528, 7.9119, -2.8467]","[1.048, 5.5755, -2.8467]","[[-0.4192, 10.4076], [2.7248, 10.779300000000001], [2.7248, 5.7348], [-0.4192, 5.5755]]",HABS PA-5346 sheet 03,C,revision10 physical checkpoint; final visual/navigation acceptance pending,"[""CAM_MAIN_B_FOUNDATION_1_A"", ""CAM_MAIN_B_FOUNDATION_1_B""]",NOT_ACCEPTED,"Room name and topology from HABS; manually traced boundaries, pixel tolerance 1–3 pixels; construction thickness/door heights approximated. Baths remain separate as drawn."
MAIN_B_FOUNDATION_2,Foundation Bay 2,MAIN,B,-2.8467,2.15,foundation,"[5.0304, 8.708400000000001, -2.8467]","[5.0304, 5.0445, -2.8467]","[[3.5632, 13.487400000000001], [6.550000000000001, 13.487400000000001], [6.550000000000001, 4.9914000000000005], [3.5632, 4.9914000000000005]]",HABS PA-5346 sheet 03,C,revision10 physical checkpoint; final visual/navigation acceptance pending,"[""CAM_MAIN_B_FOUNDATION_2_A"", ""CAM_MAIN_B_FOUNDATION_2_B""]",NOT_ACCEPTED,"Room name and topology from HABS; manually traced boundaries, pixel tolerance 1–3 pixels; construction thickness/door heights approximated. Baths remain separate as drawn."
MAIN_B_FOUNDATION_3,Foundation Bay 3,MAIN,B,-2.8467,2.15,foundation,"[8.5412, 8.7615, -2.8467]","[8.5412, 5.0445, -2.8467]","[[7.2836, 13.487400000000001], [9.7988, 13.487400000000001], [9.7988, 11.416500000000001], [10.3228, 11.416500000000001], [10.3228, 4.9914000000000005], [7.2836, 4.9914000000000005]]",HABS PA-5346 sheet 03,C,revision10 physical checkpoint; final visual/navigation acceptance pending,"[""CAM_MAIN_B_FOUNDATION_3_A"", ""CAM_MAIN_B_FOUNDATION_3_B""]",NOT_ACCEPTED,"Room name and topology from HABS; manually traced boundaries, pixel tolerance 1–3 pixels; construction thickness/door heights approximated. Baths remain separate as drawn."
MAIN_B_PLUNGE,Plunge Pool,MAIN,B,-2.5,2.15,pool,"[14.357600000000001, 7.3809000000000005, -2.5]","[19.0736, 9.027000000000001, -2.5]","[[10.7944, 8.549100000000001], [15.772400000000001, 8.549100000000001], [15.772400000000001, 9.982800000000001], [19.2832, 9.982800000000001], [19.2832, 9.7173], [19.8596, 9.7173], [19.8596, 5.7879000000000005], [10.7944, 5.7879000000000005]]",HABS PA-5346 sheet 03,C,revision10 physical checkpoint; final visual/navigation acceptance pending,"[""CAM_MAIN_B_PLUNGE_A"", ""CAM_MAIN_B_PLUNGE_B""]",NOT_ACCEPTED,"Inspection envelope includes wet basin, northeast stair recess and perimeter stonework. It is NOT a continuous dry walkable polygon. Main04 original shows the northern wall stop nearx628. Loggia stair gives pool-edge observation access; a dry ring route to East Terrace is source-unsupported. Model access level-2.50m and water-2.70m remainC."
MAIN_L1_LIVING,Living Room,MAIN,L1,0.1,2.4,living,"[4.192, 7.1154, 0.1]","[7.7552, 10.620000000000001, 0.1]","[[0.0, 14.921100000000001], [2.9859999999775995, 14.921100000000001], [2.9859999999775995, 13.965300000000001], [6.340400000000001, 13.965300000000001], [6.340400000000001, 11.3103], [7.4408, 10.620000000000001], [10.5324, 10.620000000000001], [10.5324, 4.779], [6.759600000000001, 4.779], [6.759600000000001, 0.1593], [0.0524, 0.1593], [0.0524, 4.1949000000000005], [-0.6812, 4.1949000000000005], [-0.6812, 8.496], [0.2096, 8.496], [0.2096, 10.7262], [0.0, 10.7262]]",HABS PA-5346 sheet 04,C,revision10 physical checkpoint; final visual/navigation acceptance pending,"[""CAM_MAIN_L1_LIVING_A"", ""CAM_MAIN_L1_LIVING_B""]",NOT_ACCEPTED,"Room name and topology from HABS; manually traced boundaries, pixel tolerance 1–3 pixels; construction thickness/door heights approximated. Baths remain separate as drawn."
MAIN_L1_KITCHEN,Kitchen,MAIN,L1,0.1,2.4,kitchen,"[-1.834, 13.7529, 0.1]","[-0.1572, 13.88565, 0.1]","[[-3.5108, 16.461000000000002], [-0.3668, 16.461000000000002], [-0.3668, 14.337], [0.0524, 14.337], [0.0524, 13.3812], [-0.3668, 13.3812], [-0.3668, 11.6289], [-1.048, 11.6289], [-1.048, 11.097900000000001], [-2.8558000000000003, 11.097900000000001], [-2.8558000000000003, 11.713860000000002], [-3.5108, 11.713860000000002]]",HABS PA-5346 sheet 04,C,revision10 physical checkpoint; final visual/navigation acceptance pending,"[""CAM_MAIN_L1_KITCHEN_A"", ""CAM_MAIN_L1_KITCHEN_B""]",NOT_ACCEPTED,"Room name and topology from HABS; manually traced boundaries, pixel tolerance 1–3 pixels; construction thickness/door heights approximated. Baths remain separate as drawn."
MAIN_L1_SERVANT,Servant Sitting Room,MAIN,L1,0.1,2.4,sitting,"[-6.130800000000001, 15.3459, 0.1]","[-4.8208, 16.7265, 0.1]","[[-7.5194, 16.5672], [-7.0216, 16.6734], [-6.550000000000001, 16.6203], [-6.3666, 17.27343], [-4.323, 17.27343], [-4.323, 16.49286], [-4.663600000000001, 16.49286], [-4.663600000000001, 14.3901], [-7.5194, 14.3901]]",HABS PA-5346 sheet 04,C,revision10 physical checkpoint; final visual/navigation acceptance pending,"[""CAM_MAIN_L1_SERVANT_A"", ""CAM_MAIN_L1_SERVANT_B""]",NOT_ACCEPTED,"Room name and topology from HABS; manually traced boundaries, pixel tolerance 1–3 pixels; construction thickness/door heights approximated. Baths remain separate as drawn. Physical floor revision08 follows actual modeled wall faces or a door-side shared-edge notch. Census polygon retained separately; C source trace precision is unchanged."
MAIN_L1_SERVICE_STAIR,Service Stair,MAIN,L1,0.1,2.4,stair,"[-3.7204, 17.416800000000002, 0.1]","[-3.4584, 16.461000000000002, 0.1]","[[-6.288, 17.9478], [-2.5676, 17.9478], [-2.5676, 16.461000000000002], [-4.5064, 16.461000000000002], [-4.5064, 17.0451], [-6.288, 17.0451]]",HABS PA-5346 sheet 04,C,revision10 physical checkpoint; final visual/navigation acceptance pending,"[""CAM_MAIN_L1_SERVICE_STAIR_A"", ""CAM_MAIN_L1_SERVICE_STAIR_B""]",NOT_ACCEPTED,"Room name and topology from HABS; manually traced boundaries, pixel tolerance 1–3 pixels; construction thickness/door heights approximated. Baths remain separate as drawn."
MAIN_L1_ENTRY,Entry,MAIN,L1,0.1,2.4,entry,"[8.384, 11.7882, 0.1]","[9.432, 11.894400000000001, 0.1]","[[7.178800000000001, 12.690900000000001], [9.5892, 12.690900000000001], [9.5892, 10.9917], [7.178800000000001, 10.9917]]",HABS PA-5346 sheet 04,C,revision10 physical checkpoint; final visual/navigation acceptance pending,"[""CAM_MAIN_L1_ENTRY_A"", ""CAM_MAIN_L1_ENTRY_B""]",NOT_ACCEPTED,"Room name and topology from HABS; manually traced boundaries, pixel tolerance 1–3 pixels; construction thickness/door heights approximated. Baths remain separate as drawn."
MAIN_L1_COAT,Coat,MAIN,L1,0.1,2.4,closet,"[9.5368, 13.2219, 0.1]","[8.8032, 12.9033, 0.1]","[[8.8032, 13.6998], [10.218, 13.6998], [10.218, 12.744], [8.8032, 12.744]]",HABS PA-5346 sheet 04,C,revision10 physical checkpoint; final visual/navigation acceptance pending,"[""CAM_MAIN_L1_COAT_A"", ""CAM_MAIN_L1_COAT_B""]",NOT_ACCEPTED,"Room name and topology from HABS; manually traced boundaries, pixel tolerance 1–3 pixels; construction thickness/door heights approximated. Baths remain separate as drawn."
MAIN_L1_STAIR,Main Stair,MAIN,L1,0.1,2.4,stair,"[5.9736, 13.1157, 0.1]","[6.969200000000001, 12.213000000000001, 0.1]","[[4.3492, 13.6998], [7.6504, 13.6998], [7.6504, 12.531600000000001], [4.3492, 12.531600000000001]]",HABS PA-5346 sheet 04,C,revision10 physical checkpoint; final visual/navigation acceptance pending,"[""CAM_MAIN_L1_STAIR_A"", ""CAM_MAIN_L1_STAIR_B""]",NOT_ACCEPTED,"Room name and topology from HABS; manually traced boundaries, pixel tolerance 1–3 pixels; construction thickness/door heights approximated. Baths remain separate as drawn."
MAIN_L1_LOGGIA,Loggia,MAIN,L1,0.1,2.4,loggia,"[12.314, 10.9917, 0.1]","[14.4624, 10.089, 0.1]","[[10.8992, 12.372300000000001], [12.4712, 12.3192], [14.148, 10.5138], [19.8072, 10.5138], [19.8072, 9.823500000000001], [10.8992, 9.823500000000001]]",HABS PA-5346 sheet 04,C,revision10 physical checkpoint; final visual/navigation acceptance pending,"[""CAM_MAIN_L1_LOGGIA_A"", ""CAM_MAIN_L1_LOGGIA_B""]",NOT_ACCEPTED,"Room name and topology from HABS; manually traced boundaries, pixel tolerance 1–3 pixels; construction thickness/door heights approximated. Baths remain separate as drawn. Physical floor revision08 follows actual modeled wall faces or a door-side shared-edge notch. Census polygon retained separately; C source trace precision is unchanged."
MAIN_L1_TERRACE_W,West Terrace,MAIN,L1,0.0,2.4,terrace,"[-2.358, 2.2833, 0.0]","[-0.1572, 2.7612, 0.0]","[[-4.6112, 4.4604], [-0.1572, 4.4604], [-0.1572, 0.1062], [-4.6112, 0.1062]]",HABS PA-5346 sheet 04,C,revision10 physical checkpoint; final visual/navigation acceptance pending,"[""CAM_MAIN_L1_TERRACE_W_A"", ""CAM_MAIN_L1_TERRACE_W_B""]",NOT_ACCEPTED,"Room name and topology from HABS; manually traced boundaries, pixel tolerance 1–3 pixels; construction thickness/door heights approximated. Baths remain separate as drawn."
MAIN_L1_TERRACE_E,East Terrace,MAIN,L1,0.0,2.4,terrace,"[12.418800000000001, 3.6108000000000002, 0.0]","[10.6896, 5.7879000000000005, 0.0]","[[11.790000000000001, 8.549100000000001], [14.148, 8.549100000000001], [14.148, 0.0531], [6.9168, 0.0531], [6.9168, 2.0709], [10.6896, 2.0709], [10.6896, 4.4073], [6.9168, 4.4073], [6.9168, 4.6728000000000005], [10.7944, 4.6728000000000005], [10.7944, 5.9472000000000005], [11.790000000000001, 5.9472000000000005]]",HABS PA-5346 sheet 04,C,revision10 physical checkpoint; final visual/navigation acceptance pending,"[""CAM_MAIN_L1_TERRACE_E_A"", ""CAM_MAIN_L1_TERRACE_E_B""]",NOT_ACCEPTED,"Room name and topology from HABS; manually traced boundaries, pixel tolerance 1–3 pixels; construction thickness/door heights approximated. Baths remain separate as drawn."
MAIN_L1_HATCH,Living Room Water Stair,MAIN,L1,0.1,2.4,water_stair,"[8.5412, 3.186, 0.1]","[6.9168, 3.186, 0.1]","[[6.9168, 4.1418], [10.5324, 4.1418], [10.5324, 2.2302], [6.9168, 2.2302]]",HABS PA-5346 sheet 04,C,revision10 physical checkpoint; final visual/navigation acceptance pending,"[""CAM_MAIN_L1_HATCH_A"", ""CAM_MAIN_L1_HATCH_B""]",NOT_ACCEPTED,"Room name and topology from HABS; manually traced boundaries, pixel tolerance 1–3 pixels; construction thickness/door heights approximated. Baths remain separate as drawn."
MAIN_L2_DRESSING,Dressing Room,MAIN,L2,2.8448,2.17,dressing,"[-2.3056, 13.6998, 2.8448]","[-0.3144, 13.806000000000001, 2.8448]","[[-3.8252, 16.142400000000002], [-0.3144, 16.142400000000002], [-0.3144, 14.337], [0.1572, 14.337], [0.1572, 12.744], [-0.9432, 12.744], [-0.9432, 11.575800000000001], [-3.8252, 11.575800000000001]]",HABS PA-5346 sheet 05,C,revision10 physical checkpoint; final visual/navigation acceptance pending,"[""CAM_MAIN_L2_DRESSING_A"", ""CAM_MAIN_L2_DRESSING_B""]",NOT_ACCEPTED,"Room name and topology from HABS; manually traced boundaries, pixel tolerance 1–3 pixels; construction thickness/door heights approximated. Baths remain separate as drawn. Physical floor revision08 follows actual modeled wall faces or a door-side shared-edge notch. Census polygon retained separately; C source trace precision is unchanged."
MAIN_L2_MASTER,Master Bedroom,MAIN,L2,2.8448,2.17,bedroom,"[2.2008, 9.6111, 2.8448]","[1.6768, 12.372300000000001, 2.8668]","[[0.1572, 12.1068], [2.1484, 12.1068], [2.1484, 12.4785], [4.6112, 12.4785], [4.6112, 7.1685], [-0.2096, 7.1685], [-0.2096, 8.2836], [0.1572, 8.2836]]",HABS PA-5346 sheet 05,C,revision10 physical checkpoint; final visual/navigation acceptance pending,"[""CAM_MAIN_L2_MASTER_A"", ""CAM_MAIN_L2_MASTER_B""]",NOT_ACCEPTED,"Room name and topology from HABS; manually traced boundaries, pixel tolerance 1–3 pixels; construction thickness/door heights approximated. Baths remain separate as drawn."
MAIN_L2_BATH_N,Bath (north),MAIN,L2,2.8448,2.17,bathroom,"[1.7292, 15.239700000000001, 2.8448]","[0.4716, 14.5494, 2.8448]","[[0.3144, 16.0362], [3.3536, 16.0362], [3.3536, 14.4963], [0.3144, 14.4963]]",HABS PA-5346 sheet 05,C,revision10 physical checkpoint; final visual/navigation acceptance pending,"[""CAM_MAIN_L2_BATH_N_A"", ""CAM_MAIN_L2_BATH_N_B""]",NOT_ACCEPTED,"Room name and topology from HABS; manually traced boundaries, pixel tolerance 1–3 pixels; construction thickness/door heights approximated. Baths remain separate as drawn. Physical floor revision08 follows actual modeled wall faces or a door-side shared-edge notch. Census polygon retained separately; C source trace precision is unchanged."
MAIN_L2_BATH_G,Bath (guest),MAIN,L2,2.8448,2.17,bathroom,"[6.130800000000001, 11.575800000000001, 2.8448]","[7.074, 11.4696, 2.8448]","[[5.1876, 12.372300000000001], [7.0216, 12.372300000000001], [7.0216, 10.7262], [5.1876, 10.7262]]",HABS PA-5346 sheet 05,C,revision10 physical checkpoint; final visual/navigation acceptance pending,"[""CAM_MAIN_L2_BATH_G_A"", ""CAM_MAIN_L2_BATH_G_B""]",NOT_ACCEPTED,"Room name and topology from HABS; manually traced boundaries, pixel tolerance 1–3 pixels; construction thickness/door heights approximated. Baths remain separate as drawn. Physical floor revision08 follows actual modeled wall faces or a door-side shared-edge notch. Census polygon retained separately; C source trace precision is unchanged."
MAIN_L2_BATH_M,Bath (master),MAIN,L2,2.8448,2.17,bathroom,"[6.0784, 8.389800000000001, 2.8448]","[6.0784, 7.56675, 2.8668]","[[5.1352, 9.8766], [7.0216, 9.8766], [7.0216, 6.9561], [5.1352, 6.9561]]",HABS PA-5346 sheet 05,C,revision10 physical checkpoint; final visual/navigation acceptance pending,"[""CAM_MAIN_L2_BATH_M_A"", ""CAM_MAIN_L2_BATH_M_B""]",NOT_ACCEPTED,"Room name and topology from HABS; manually traced boundaries, pixel tolerance 1–3 pixels; construction thickness/door heights approximated. Baths remain separate as drawn. Physical floor revision08 follows actual modeled wall faces or a door-side shared-edge notch. Census polygon retained separately; C source trace precision is unchanged."
MAIN_L2_HALL,Hall,MAIN,L2,2.8448,2.17,hall,"[8.8556, 13.9122, 2.8448]","[7.9648, 13.9122, 2.8448]","[[0.2096, 14.2308], [3.5632, 14.2308], [3.5632, 15.239700000000001], [5.4496, 15.239700000000001], [5.4496, 15.1335], [10.951600000000001, 15.1335], [10.951600000000001, 11.257200000000001], [8.2268, 11.257200000000001], [8.2268, 10.4076], [7.388400000000001, 10.4076], [7.388400000000001, 12.690900000000001], [8.0172, 12.690900000000001], [8.0172, 13.6998], [4.3492, 13.6998], [4.3492, 12.690900000000001], [0.2096, 12.690900000000001]]",HABS PA-5346 sheet 05,C,revision10 physical checkpoint; final visual/navigation acceptance pending,"[""CAM_MAIN_L2_HALL_A"", ""CAM_MAIN_L2_HALL_B""]",NOT_ACCEPTED,"Room name and topology from HABS; manually traced boundaries, pixel tolerance 1–3 pixels; construction thickness/door heights approximated. Baths remain separate as drawn."
MAIN_L2_GUEST,Guest Bedroom,MAIN,L2,2.8448,2.17,bedroom,"[9.0652, 8.389800000000001, 2.8448]","[7.5456, 10.460700000000001, 2.8448]","[[7.4408, 10.5138], [10.8468, 10.5138], [10.8468, 6.9030000000000005], [7.4408, 6.9030000000000005]]",HABS PA-5346 sheet 05,C,revision10 physical checkpoint; final visual/navigation acceptance pending,"[""CAM_MAIN_L2_GUEST_A"", ""CAM_MAIN_L2_GUEST_B""]",NOT_ACCEPTED,"Room name and topology from HABS; manually traced boundaries, pixel tolerance 1–3 pixels; construction thickness/door heights approximated. Baths remain separate as drawn."
MAIN_L2_TERRACE_W,Dressing Room Terrace,MAIN,L2,2.8448,2.17,terrace,"[-8.908000000000001, 15.239700000000001, 2.8448]","[-4.454000000000001, 14.2308, 2.8448]","[[-13.2048, 17.7885], [-4.5064, 17.7885], [-4.5064, 12.7971], [-13.2048, 12.7971]]",HABS PA-5346 sheet 05,C,revision10 physical checkpoint; final visual/navigation acceptance pending,"[""CAM_MAIN_L2_TERRACE_W_A"", ""CAM_MAIN_L2_TERRACE_W_B""]",NOT_ACCEPTED,"Room name and topology from HABS; manually traced boundaries, pixel tolerance 1–3 pixels; construction thickness/door heights approximated. Baths remain separate as drawn."
MAIN_L2_TERRACE_S,Master Bedroom Terrace,MAIN,L2,2.8448,2.17,terrace,"[3.3012, 2.2833, 2.8448]","[1.4148, 6.7437000000000005, 2.8448]","[[-0.262, 6.6375], [7.0216, 6.6375], [7.0216, -1.9647000000000001], [-0.262, -1.9647000000000001]]",HABS PA-5346 sheet 05,C,revision10 physical checkpoint; final visual/navigation acceptance pending,"[""CAM_MAIN_L2_TERRACE_S_A"", ""CAM_MAIN_L2_TERRACE_S_B""]",NOT_ACCEPTED,"Room name and topology from HABS; manually traced boundaries, pixel tolerance 1–3 pixels; construction thickness/door heights approximated. Baths remain separate as drawn."
MAIN_L2_TERRACE_E,Guest Bedroom Terrace,MAIN,L2,2.8448,2.17,terrace,"[15.143600000000001, 8.549100000000001, 2.8448]","[11.004000000000001, 8.389800000000001, 2.8448]","[[11.423200000000001, 10.142100000000001], [19.4404, 10.142100000000001], [19.4404, 6.7968], [11.423200000000001, 6.7968]]",HABS PA-5346 sheet 05,C,revision10 physical checkpoint; final visual/navigation acceptance pending,"[""CAM_MAIN_L2_TERRACE_E_A"", ""CAM_MAIN_L2_TERRACE_E_B""]",NOT_ACCEPTED,"Room name and topology from HABS; manually traced boundaries, pixel tolerance 1–3 pixels; construction thickness/door heights approximated. Baths remain separate as drawn."
MAIN_L2_TERRACE_N,North Stair Terrace,MAIN,L2,2.8448,2.17,terrace,"[6.4976, 17.3106, 2.8448]","[6.3928, 15.4521, 2.8448]","[[5.5544, 21.9834], [7.4408, 21.9834], [7.4408, 21.1338], [7.7028, 21.1338], [7.7028, 19.328400000000002], [7.5456, 19.328400000000002], [7.5456, 15.5052], [5.5544, 15.5052]]",HABS PA-5346 sheet 05,C,revision10 physical checkpoint; final visual/navigation acceptance pending,"[""CAM_MAIN_L2_TERRACE_N_A"", ""CAM_MAIN_L2_TERRACE_N_B""]",NOT_ACCEPTED,"Room name and topology from HABS; manually traced boundaries, pixel tolerance 1–3 pixels; construction thickness/door heights approximated. Baths remain separate as drawn."
MAIN_L2_STAIR,Main Stair L2,MAIN,L2,2.8448,2.17,stair,"[4.6112, 14.602500000000001, 2.8448]","[5.8688, 14.337, 2.8448]","[[3.668, 15.1335], [5.6592, 15.1335], [5.6592, 14.124600000000001], [3.668, 14.124600000000001]]",HABS PA-5346 sheet 05,C,revision10 physical checkpoint; final visual/navigation acceptance pending,"[""CAM_MAIN_L2_STAIR_A"", ""CAM_MAIN_L2_STAIR_B""]",NOT_ACCEPTED,"Room name and topology from HABS; manually traced boundaries, pixel tolerance 1–3 pixels; construction thickness/door heights approximated. Baths remain separate as drawn."
MAIN_L2_CLOSET_M,Master Bedroom Wardrobe,MAIN,L2,2.8448,2.17,closet,"[1.2576, 11.9475, 2.8448]","[1.2576, 11.416500000000001, 2.8448]","[[0.524, 12.3192], [2.0436, 12.3192], [2.0436, 11.5227], [0.524, 11.5227]]",HABS PA-5346 sheet 05,C,revision10 physical checkpoint; final visual/navigation acceptance pending,"[""CAM_MAIN_L2_CLOSET_M_A"", ""CAM_MAIN_L2_CLOSET_M_B""]",NOT_ACCEPTED,"Room name and topology from HABS; manually traced boundaries, pixel tolerance 1–3 pixels; construction thickness/door heights approximated. Baths remain separate as drawn. Physical floor revision08 follows actual modeled wall faces or a door-side shared-edge notch. Census polygon retained separately; C source trace precision is unchanged. Ceiling revision08b shares its boundary with adjoining room/corridor soffits; semantic room bounds remain unchanged."
MAIN_L2_CLOSET_G,Guest Bedroom Wardrobe,MAIN,L2,2.8448,2.17,closet,"[9.5892, 10.9917, 2.8448]","[9.5892, 10.5669, 2.8448]","[[8.3316, 11.416500000000001], [10.8468, 11.416500000000001], [10.8468, 10.6731], [8.3316, 10.6731]]",HABS PA-5346 sheet 05,C,revision10 physical checkpoint; final visual/navigation acceptance pending,"[""CAM_MAIN_L2_CLOSET_G_A"", ""CAM_MAIN_L2_CLOSET_G_B""]",NOT_ACCEPTED,"Room name and topology from HABS; manually traced boundaries, pixel tolerance 1–3 pixels; construction thickness/door heights approximated. Baths remain separate as drawn. Ceiling revision08b shares its boundary with adjoining room/corridor soffits; semantic room bounds remain unchanged."
MAIN_L3_STUDY,Study,MAIN,L3,5.26415,2.04,study,"[-2.2532, 13.9122, 5.26415]","[-0.4716, 13.2219, 5.26415]","[[-3.8776, 16.0893], [-0.8908, 16.0893], [-0.8908, 14.4963], [-0.4192, 14.4963], [-0.4192, 11.575800000000001], [-3.8776, 11.575800000000001]]",HABS PA-5346 sheet 06,C,revision10 physical checkpoint; final visual/navigation acceptance pending,"[""CAM_MAIN_L3_STUDY_A"", ""CAM_MAIN_L3_STUDY_B""]",NOT_ACCEPTED,"Room name and topology from HABS; manually traced boundaries, pixel tolerance 1–3 pixels; construction thickness/door heights approximated. Baths remain separate as drawn. The census polygon is inset; physical slab/finish separately continue to measured inner wall faces and window sill, retaining the chimney steps and existing gallery threshold."
MAIN_L3_BATH,Bath,MAIN,L3,5.26415,2.04,bathroom,"[1.1528, 14.9742, 5.26415]","[1.572, 13.965300000000001, 5.26415]","[[0.4716, 15.9831], [1.834, 15.9831], [1.834, 13.9122], [0.4716, 13.9122]]",HABS PA-5346 sheet 06,C,revision10 physical checkpoint; final visual/navigation acceptance pending,"[""CAM_MAIN_L3_BATH_A"", ""CAM_MAIN_L3_BATH_B""]",NOT_ACCEPTED,"Room name and topology from HABS; manually traced boundaries, pixel tolerance 1–3 pixels; construction thickness/door heights approximated. Baths remain separate as drawn. Physical floor revision08 follows actual modeled wall faces or a door-side shared-edge notch. Census polygon retained separately; C source trace precision is unchanged."
MAIN_L3_GALLERY,Gallery,MAIN,L3,5.26415,2.04,gallery,"[3.4584, 13.168800000000001, 5.26415]","[0.2096, 13.2219, 5.26415]","[[0.262, 13.9122], [1.9912, 13.9122], [1.9912, 13.2219], [5.6068, 13.2219], [5.6068, 12.531600000000001], [0.2096, 12.531600000000001]]",HABS PA-5346 sheet 06,C,revision10 physical checkpoint; final visual/navigation acceptance pending,"[""CAM_MAIN_L3_GALLERY_A"", ""CAM_MAIN_L3_GALLERY_B""]",NOT_ACCEPTED,"Room name and topology from HABS; manually traced boundaries, pixel tolerance 1–3 pixels; construction thickness/door heights approximated. Baths remain separate as drawn. Physical floor revision08 follows actual modeled wall faces or a door-side shared-edge notch. Census polygon retained separately; C source trace precision is unchanged."
MAIN_L3_ALCOVE,Sleeping Alcove,MAIN,L3,5.26415,2.04,sleeping_alcove,"[6.4976, 13.806000000000001, 5.26415]","[5.6592, 13.0626, 5.26415]","[[5.6592, 14.921100000000001], [7.388400000000001, 14.921100000000001], [7.388400000000001, 12.6378], [5.6592, 12.6378]]",HABS PA-5346 sheet 06,C,revision10 physical checkpoint; final visual/navigation acceptance pending,"[""CAM_MAIN_L3_ALCOVE_A"", ""CAM_MAIN_L3_ALCOVE_B""]",NOT_ACCEPTED,"Room name and topology from HABS; manually traced boundaries, pixel tolerance 1–3 pixels; construction thickness/door heights approximated. Baths remain separate as drawn. Physical floor revision08 follows actual modeled wall faces or a door-side shared-edge notch. Census polygon retained separately; C source trace precision is unchanged."
MAIN_L3_TERRACE,Third Floor Terrace,MAIN,L3,5.26415,2.04,terrace,"[3.0916, 10.4076, 5.26415]","[3.0916, 12.4254, 5.26415]","[[0.3668, 12.3192], [5.3972, 12.3192], [5.3972, 9.982800000000001], [7.1264, 9.982800000000001], [7.1264, 12.2661], [8.5936, 12.2661], [8.5936, 13.487400000000001], [10.4276, 13.487400000000001], [10.4276, 8.549100000000001], [0.3668, 8.549100000000001]]",HABS PA-5346 sheet 06,C,revision10 physical checkpoint; final visual/navigation acceptance pending,"[""CAM_MAIN_L3_TERRACE_A"", ""CAM_MAIN_L3_TERRACE_B""]",NOT_ACCEPTED,"Room name and topology from HABS; manually traced boundaries, pixel tolerance 1–3 pixels; construction thickness/door heights approximated. Baths remain separate as drawn."
MAIN_L3_LINK,North Upper Walk and Spiral Landing,MAIN,L3,5.26415,2.04,loggia,"[6.7072, 23.470200000000002, 5.26415]","[5.4496, 23.470200000000002, 5.26415]","[[5.4496, 24.2136], [6.969200000000001, 24.2136], [7.86, 24.0543], [8.757659845760633, 24.442747174582305], [8.026868347558615, 22.854624039357986], [6.969200000000001, 22.833000000000002], [5.4496, 22.833000000000002]]",HABS PA-5346 sheet 06,C,revision10 physical checkpoint; final visual/navigation acceptance pending,"[""CAM_MAIN_L3_LINK_A"", ""CAM_MAIN_L3_LINK_B""]",NOT_ACCEPTED,Only the true north upper walk/spiral landing is walkable atL3. The long southward projection in sheet06 is NOT an upper floor; the stepped canopy is separately tagged non-walkable roof. Access climbs south-low to north-high on the exterior curve.
MAIN_L3_STAIR,Gallery Stair L3,MAIN,L3,5.26415,2.04,stair,"[3.7204, 13.806000000000001, 5.26415]","[5.5544, 13.168800000000001, 5.26415]","[[2.096, 14.283900000000001], [5.502000000000001, 14.283900000000001], [5.502000000000001, 13.2219], [2.096, 13.2219]]",HABS PA-5346 sheet 06,C,revision10 physical checkpoint; final visual/navigation acceptance pending,"[""CAM_MAIN_L3_STAIR_A"", ""CAM_MAIN_L3_STAIR_B""]",NOT_ACCEPTED,"Room name and topology from HABS; manually traced boundaries, pixel tolerance 1–3 pixels; construction thickness/door heights approximated. Baths remain separate as drawn."
GUEST_L1_THEATER,Theater (2010 surveyed use),GUEST,L1,8.4,2.16,theater,"[0.4566399999999997, 48.6984, 9.950000000000001]","[-0.9099200000000001, 45.85152, 8.44]","[[-3.22256, 52.599680000000006], [0.6668799999999999, 54.866640000000004], [3.08464, 50.75448], [3.08464, 46.64232], [0.4566399999999997, 45.21888], [-0.33176000000000005, 46.27328], [-1.8034400000000006, 45.37704], [-3.2751200000000007, 47.644000000000005], [-2.22392, 48.22392], [-3.748160000000001, 50.33272]]",HABS PA-5346-A sheet 1,A/C,revision10 physical checkpoint; final visual/navigation acceptance pending,"[""CAM_GUEST_L1_THEATER_A"", ""CAM_GUEST_L1_THEATER_B""]",NOT_ACCEPTED,Manual HABS trace; openings and graph retained.
GUEST_L1_CAR_COURT,Car Court,GUEST,L1,8.4,2.16,exterior,"[-0.8048000000000006, 42.53016, 9.950000000000001]","[-4.010960000000001, 43.00464, 8.44]","[[-4.53656, 44.05904], [-1.75088, 45.2716], [-0.33176000000000005, 46.220560000000006], [1.4027199999999997, 42.47744], [3.45256, 42.161120000000004], [3.4, 41.054], [-2.8020800000000006, 41.054], [-4.43144, 40.10504]]",HABS PA-5346-A sheet 1,A/C,revision10 physical checkpoint; final visual/navigation acceptance pending,"[""CAM_GUEST_L1_CAR_COURT_A"", ""CAM_GUEST_L1_CAR_COURT_B""]",NOT_ACCEPTED,Manual HABS trace; openings and graph retained.
GUEST_L1_CHAUFFEUR_LOUNGE,Chauffeur's Lounge,GUEST,L1,8.4,2.16,lounge,"[-1.0676, 38.787040000000005, 9.950000000000001]","[1.1924799999999998, 40.381820000000005, 8.44]","[[-3.38024, 40.05232], [-2.8020800000000006, 40.63224], [1.1399199999999996, 40.63224], [1.1399199999999996, 37.41632], [-3.38024, 37.41632]]",HABS PA-5346-A sheet 1,A/C,revision10 physical checkpoint; final visual/navigation acceptance pending,"[""CAM_GUEST_L1_CHAUFFEUR_LOUNGE_A"", ""CAM_GUEST_L1_CHAUFFEUR_LOUNGE_B""]",NOT_ACCEPTED,Manual HABS trace; openings and graph retained.
GUEST_L1_BOILER,Boiler Room,GUEST,L1,8.4,2.16,utility,"[4.827159999999999, 41.84978, 9.950000000000001]","[3.5681919999999994, 41.702456000000005, 8.44]","[[3.5681919999999994, 42.54012], [6.044079999999999, 42.54012], [6.044079999999999, 41.154168], [3.5681919999999994, 41.154168]]",HABS PA-5346-A sheet 1,A/C,revision10 physical checkpoint; final visual/navigation acceptance pending,"[""CAM_GUEST_L1_BOILER_A"", ""CAM_GUEST_L1_BOILER_B""]",NOT_ACCEPTED,Manual HABS trace; openings and graph retained.
GUEST_L1_STAIR_HALL,Service Stair Hall,GUEST,L1,8.4,2.16,circulation,"[1.9151799999999999, 40.381820000000005, 9.950000000000001]","[1.9151799999999999, 41.054, 8.44]","[[1.24504, 41.054], [3.4, 41.054], [3.4, 34.25312], [1.24504, 34.25312]]",HABS PA-5346-A sheet 1,A/C,revision10 physical checkpoint; final visual/navigation acceptance pending,"[""CAM_GUEST_L1_STAIR_HALL_A"", ""CAM_GUEST_L1_STAIR_HALL_B""]",NOT_ACCEPTED,Manual HABS trace; openings and graph retained.
GUEST_L1_LOUNGE,Lounge,GUEST,L1,8.4,2.16,lounge,"[6.44848, 38.57616, 9.950000000000001]","[10.81096, 36.67824, 8.44]","[[4.50376, 40.10504], [9.4444, 40.10504], [9.4444, 38.418], [11.284, 38.418], [11.284, 36.67824], [9.4444, 36.67824], [9.4444, 36.09832], [3.97816, 36.09832], [3.97816, 39.52512], [4.50376, 39.52512]]",HABS PA-5346-A sheet 1,A/C,revision10 physical checkpoint; final visual/navigation acceptance pending,"[""CAM_GUEST_L1_LOUNGE_A"", ""CAM_GUEST_L1_LOUNGE_B""]",NOT_ACCEPTED,Manual HABS trace; openings and graph retained.
GUEST_L1_GALLERY,Guest room connecting gallery,GUEST,L1,8.4,2.16,circulation,"[11.441680000000002, 39.63056, 9.950000000000001]","[9.54952, 39.36696, 8.44]","[[9.49696, 40.5268], [14.640440000000002, 40.5268], [14.640440000000002, 39.261520000000004], [12.91336, 39.261520000000004], [12.91336, 38.57616], [9.54952, 38.57616]]",HABS PA-5346-A sheet 1,A/C,revision10 physical checkpoint; final visual/navigation acceptance pending,"[""CAM_GUEST_L1_GALLERY_A"", ""CAM_GUEST_L1_GALLERY_B""]",NOT_ACCEPTED,"Unlabelled open circulation traced between LOUNGE and GUEST ROOM, not an invented enclosed room."
GUEST_L1_BATH,Guest Bath,GUEST,L1,8.4,2.16,bath,"[13.33384, 37.41632, 9.950000000000001]","[12.38776, 38.312560000000005, 8.44]","[[11.494240000000001, 38.312560000000005], [12.70312, 38.312560000000005], [12.70312, 39.05064], [14.430200000000001, 39.05064], [14.430200000000001, 36.40368], [11.494240000000001, 36.40368]]",HABS PA-5346-A sheet 1,A/C,revision10 physical checkpoint; final visual/navigation acceptance pending,"[""CAM_GUEST_L1_BATH_A"", ""CAM_GUEST_L1_BATH_B""]",NOT_ACCEPTED,Manual HABS trace; openings and graph retained.
GUEST_L1_GUEST_ROOM,Guest Room,GUEST,L1,8.4,2.16,bedroom,"[17.03562, 38.491600000000005, 9.950000000000001]","[14.58788, 39.63056, 8.44]","[[14.645696000000003, 40.679688], [19.420287999999996, 40.679688], [19.420287999999996, 36.40368], [14.645696000000003, 36.40368]]",HABS PA-5346-A sheet 1,A/C,revision10 physical checkpoint; final visual/navigation acceptance pending,"[""CAM_GUEST_L1_GUEST_ROOM_A"", ""CAM_GUEST_L1_GUEST_ROOM_B""]",NOT_ACCEPTED,Manual HABS trace; openings and graph retained.
GUEST_L1_TERRACE,Pool and guest room Terrace,GUEST,L1,8.4,2.16,terrace,"[20.53456, 35.57112, 9.950000000000001]","[10.81096, 35.04392, 8.44]","[[3.45256, 35.94016], [9.75976, 35.94016], [9.75976, 36.187528], [19.64104, 36.187528], [19.64104, 40.5268], [31.20424, 40.5268], [31.7824, 40.10504], [31.7824, 37.3636], [22.95232, 37.3636], [22.95232, 34.464], [3.45256, 34.464]]",HABS PA-5346-A sheet 1,A/C,revision10 physical checkpoint; final visual/navigation acceptance pending,"[""CAM_GUEST_L1_TERRACE_A"", ""CAM_GUEST_L1_TERRACE_B""]",NOT_ACCEPTED,"Flat terrace census excludes sourceX697+ south ofY417, which belongs to raised pool coping/stairs/planter/water. Original failing point(730.25,443.25) is in pool region; no flat slab added over it. Guest/bath south facade moved to clear printed room dimensions; terrace census follows south exterior face plus trace margin, pool exclusion retained."
GUEST_L1_POOL,Pool,GUEST,L1,8.4,2.16,pool,"[27.998079999999998, 34.885760000000005, 9.9]","[23.6356, 35.99288, 8.44]","[[23.42536, 36.783680000000004], [31.99264, 36.783680000000004], [32.308, 36.25648], [32.308, 33.356880000000004], [31.94008, 32.98784], [23.372799999999998, 32.98784], [23.05744, 33.356880000000004], [23.05744, 36.52008]]",HABS PA-5346-A sheet 1,A/C,revision10 physical checkpoint; final visual/navigation acceptance pending,"[""CAM_GUEST_L1_POOL_A"", ""CAM_GUEST_L1_POOL_B""]",NOT_ACCEPTED,Nominal surveyed water-plan label 30′1″ × 13′0″. Pool floor/water elevations initially C.
GUEST_B1_LAUNDRY,Laundry Room,GUEST,B1,6.040000000000001,2.18,laundry,"[-0.24766400000000077, 38.787040000000005, 7.590000000000001]","[1.1819680000000004, 40.10504, 6.080000000000001]","[[-2.1188000000000007, 40.863696000000004], [1.1819680000000004, 40.863696000000004], [1.1819680000000004, 37.342512], [-1.7554719999999988, 37.342512], [-1.7554719999999988, 39.518976], [-3.4528719999999997, 39.518976], [-3.4528719999999997, 40.1314]]",HABS PA-5346-A sheet 1,A/C,revision10 physical checkpoint; final visual/navigation acceptance pending,"[""CAM_GUEST_B1_LAUNDRY_A"", ""CAM_GUEST_B1_LAUNDRY_B""]",NOT_ACCEPTED,Manual HABS trace; openings and graph retained. Corrected finished-face dimensions and adjacent envelope from sheet1 labels; east stairs and entrance retained. See qa/guest-dimension-fixes.json.
GUEST_B1_BATH,Basement Bath,GUEST,B1,6.040000000000001,2.18,bath,"[-2.6725000000000008, 38.32794, 7.590000000000001]","[-1.9026399999999994, 38.9104048, 6.080000000000001]","[[-3.4460392, 39.3750504], [-1.8989607999999998, 39.3750504], [-1.8989607999999998, 37.3456752], [-3.4460392, 37.3456752]]",HABS PA-5346-A sheet 1,A/C,revision10 physical checkpoint; final visual/navigation acceptance pending,"[""CAM_GUEST_B1_BATH_A"", ""CAM_GUEST_B1_BATH_B""]",NOT_ACCEPTED,Manual HABS trace; openings and graph retained. Corrected finished-face dimensions and adjacent envelope from sheet1 labels; east stairs and entrance retained. See qa/guest-dimension-fixes.json.
GUEST_B1_STAIR,Basement Stair,GUEST,B1,6.040000000000001,2.18,circulation,"[1.7942919999999993, 40.15776, 7.590000000000001]","[1.24504, 40.15776, 6.08]","[[1.24504, 37.99624], [2.19112, 37.99624], [2.19112, 39.94688], [2.29624, 39.94688], [2.29624, 40.47408], [1.24504, 40.47408], [1.24504, 40.15776], [1.24504, 39.94688]]",HABS PA-5346-A sheet 1,A/C,revision10 physical checkpoint; final visual/navigation acceptance pending,"[""CAM_GUEST_B1_STAIR_A"", ""CAM_GUEST_B1_STAIR_B""]",NOT_ACCEPTED,Manual HABS trace; openings and graph retained.
GUEST_L2_BEDROOM_SOUTH,Single Room — south,GUEST,L2,10.752675,2.12,bedroom,"[-1.1201600000000007, 38.787040000000005, 12.302675]","[1.0873599999999999, 40.10504, 10.792675]","[[-3.22256, 40.47408], [1.1924799999999998, 40.47408], [1.1924799999999998, 37.258160000000004], [-3.22256, 37.258160000000004]]",HABS PA-5346-A sheet 2,A/C,revision10 physical checkpoint; final visual/navigation acceptance pending,"[""CAM_GUEST_L2_BEDROOM_SOUTH_A"", ""CAM_GUEST_L2_BEDROOM_SOUTH_B""]",NOT_ACCEPTED,Manual HABS trace; openings and graph retained.
GUEST_L2_BEDROOM_MIDDLE,Single Room — middle,GUEST,L2,10.752675,2.12,bedroom,"[-1.0676, 42.53016, 12.302675]","[1.0873599999999999, 43.9536, 10.792675]","[[-3.22256, 44.217200000000005], [1.1924799999999998, 44.217200000000005], [1.1924799999999998, 40.89584], [-3.22256, 40.89584]]",HABS PA-5346-A sheet 2,A/C,revision10 physical checkpoint; final visual/navigation acceptance pending,"[""CAM_GUEST_L2_BEDROOM_MIDDLE_A"", ""CAM_GUEST_L2_BEDROOM_MIDDLE_B""]",NOT_ACCEPTED,Manual HABS trace; openings and graph retained.
GUEST_L2_BEDROOM_NORTH,Double Room — north,GUEST,L2,10.752675,2.12,bedroom,"[-1.0150400000000004, 46.48416, 12.302675]","[1.1924799999999998, 44.923648, 10.792675]","[[-3.1700000000000004, 48.4348], [1.24504, 48.4348], [1.24504, 44.638960000000004], [-3.1700000000000004, 44.638960000000004]]",HABS PA-5346-A sheet 2,A/C,revision10 physical checkpoint; final visual/navigation acceptance pending,"[""CAM_GUEST_L2_BEDROOM_NORTH_A"", ""CAM_GUEST_L2_BEDROOM_NORTH_B""]",NOT_ACCEPTED,Manual HABS trace; openings and graph retained.
GUEST_L2_BATH,Service Bath,GUEST,L2,10.752675,2.12,bath,"[2.45392, 46.74776, 12.302675]","[2.40136, 45.48248, 10.792675]","[[1.5603999999999998, 48.38208], [3.29488, 48.38208], [3.29488, 45.48248], [1.5603999999999998, 45.48248]]",HABS PA-5346-A sheet 2,A/C,revision10 physical checkpoint; final visual/navigation acceptance pending,"[""CAM_GUEST_L2_BATH_A"", ""CAM_GUEST_L2_BATH_B""]",NOT_ACCEPTED,Manual HABS trace; openings and graph retained.
GUEST_L2_HALL,Service upstairs Hall,GUEST,L2,10.752675,2.12,circulation,"[2.45392, 42.635600000000004, 12.302675]","[2.945356000000001, 39.208800000000004, 10.792675000000001]","[[1.4027199999999997, 48.592960000000005], [3.45256, 48.592960000000005], [3.45256, 37.226528], [1.4027199999999997, 37.226528]]",HABS PA-5346-A sheet 2,A/C,revision10 physical checkpoint; final visual/navigation acceptance pending,"[""CAM_GUEST_L2_HALL_A"", ""CAM_GUEST_L2_HALL_B""]",NOT_ACCEPTED,Manual HABS trace; openings and graph retained.
GUEST_L2_TERRACE,Service upper Terrace,GUEST,L2,10.752675,2.12,terrace,"[-0.17408000000000046, 50.5436, 12.302675]","[-1.2252800000000001, 48.75112, 10.792675]","[[-3.22256, 52.75784], [0.6668799999999999, 54.972080000000005], [3.3474399999999997, 50.75448], [3.3474399999999997, 48.80384], [-3.22256, 48.80384]]",HABS PA-5346-A sheet 2,A/C,revision10 physical checkpoint; final visual/navigation acceptance pending,"[""CAM_GUEST_L2_TERRACE_A"", ""CAM_GUEST_L2_TERRACE_B""]",NOT_ACCEPTED,Manual HABS trace; openings and graph retained.
